ward_code,actual_mean,actual_std,actual_sum,pred_ensemble_mean,pred_ensemble_std,pred_ensemble_sum,abs_error_mean,abs_error_median,abs_error_std,abs_pct_error_mean,abs_pct_error_median,is_underpredicted_mean,r2_score
E05013539,0.76,0.8935,38.0,1.1604,1.0588,58.0222,0.5854,0.5454,0.5352,51.5167,31.233,0.3,0.20324776905021347
E05013516,1.22,1.2982,61.0,1.3787,1.1879,68.9332,0.5917,0.31,0.6791,42.2073,21.4022,0.44,0.5143969161123592
E05013655,1.04,1.2115,52.0,1.3489,1.2071,67.4431,0.6002,0.1533,0.6473,46.6927,13.0495,0.18,0.4640577335213766
E05013921,1.28,1.1613,64.0,1.6202,1.151,81.0075,0.6217,0.3637,0.6274,45.5562,16.9389,0.28,0.4157248916315889
E05014053,0.92,1.3974,46.0,1.1723,1.1652,58.6147,0.6823,0.1429,0.9623,49.7525,10.9146,0.18,0.2824612616400217
E05014068,1.04,1.0093,52.0,1.5413,1.0482,77.0664,0.6883,0.6051,0.6473,60.0125,28.5127,0.16,0.11424483901760651
E05013936,1.28,1.1787,64.0,1.7076,1.2326,85.3795,0.7181,0.3907,0.724,60.3451,21.5262,0.32,0.24392368740631742
E05013929,1.2,1.2778,60.0,1.5546,1.2396,77.7323,0.7304,0.4207,0.7075,56.5347,25.384,0.32,0.3599818093081254
E05013942,1.6,1.2617,80.0,2.0394,1.2976,101.968,0.7344,0.5487,0.6973,51.0743,22.049,0.28,0.3488382060163856
E05013542,1.26,1.3822,63.0,1.5624,1.274,78.118,0.7411,0.478,0.7833,51.5849,25.3485,0.34,0.3855399132025287
E05013907,1.92,2.2483,96.0,1.8348,1.8499,91.7377,0.7495,0.3886,0.9884,33.6411,15.0032,0.4,0.6933053221908283
E05013504,1.7,1.4743,85.0,1.8924,1.2615,94.6193,0.7538,0.5457,0.701,43.2726,23.9522,0.42,0.5071418201898101
E05013934,1.34,1.0806,67.0,1.839,1.1713,91.9487,0.7544,0.5283,0.6748,59.9624,29.8666,0.26,0.11278119728287461
E05013935,1.44,1.3726,72.0,1.8115,1.3539,90.5754,0.7709,0.5038,0.783,54.8967,23.3368,0.36,0.3527215828997029
E05011217,1.22,1.7296,61.0,1.4663,1.2864,73.3128,0.7875,0.2558,1.2577,54.6462,21.7391,0.34,0.25961871061887065
E05013996,1.16,1.4337,58.0,1.4142,1.1703,70.708,0.8135,0.4586,0.9983,57.0059,25.9782,0.38,0.18658383395214873
E05013928,1.46,1.5546,73.0,1.7194,1.2712,85.9693,0.8217,0.4722,0.8426,57.1506,28.1068,0.4,0.4211377908461794
E05013922,1.84,1.4758,92.0,1.9927,1.0723,99.6333,0.8224,0.6408,0.7738,52.6312,23.9798,0.44,0.4082556911551949
E05013632,1.54,1.3734,77.0,1.809,1.1031,90.4476,0.8334,0.851,0.7577,59.9864,29.7659,0.38,0.31984236209366645
E05013554,1.2,1.088,60.0,1.8022,1.2334,90.1086,0.8517,0.775,0.6247,69.7178,37.2765,0.28,0.04489314228673391
E05014059,1.64,1.6874,82.0,1.8374,1.3043,91.8678,0.8604,0.7109,0.8852,53.8242,29.9493,0.34,0.4595004098740142
E05013552,1.44,1.3874,72.0,1.953,1.4423,97.6511,0.881,0.4347,1.044,67.2839,22.7894,0.36,0.022292473317748973
E05013826,1.54,1.4598,77.0,1.9627,1.2583,98.1362,0.8891,0.75,0.77,68.4836,26.6224,0.28,0.34319892655679274
E05014085,1.7,1.374,85.0,2.1364,1.1489,106.8181,0.9133,0.8162,0.7195,66.0001,28.2295,0.34,0.2748466654416184
E05013572,1.7,1.669,85.0,2.0133,1.3803,100.6646,0.9321,0.9189,0.8521,60.7291,35.3512,0.36,0.42110994067019725
E05013607,1.44,1.58,72.0,1.8001,1.3132,90.0055,0.9425,0.9536,0.9402,63.3334,39.4461,0.24,0.282781716734102
E05013759,1.78,1.4469,89.0,2.1749,1.1819,108.7462,0.9466,0.7855,0.8128,61.2992,34.8984,0.32,0.2477045223009825
E05013543,1.74,1.5228,87.0,2.1394,1.2218,106.9677,0.9557,0.8798,0.7868,66.001,36.9263,0.34,0.33113513153193985
E05013547,1.86,1.4287,93.0,2.309,1.0808,115.4525,0.9602,0.7882,0.7676,65.2771,34.4867,0.3,0.2504520679002842
E05013750,1.72,1.4852,86.0,2.1149,1.1571,105.7464,0.9631,0.8207,0.7934,65.4446,31.3397,0.24,0.28547461190300305
E05013931,1.78,1.8103,89.0,2.0445,1.4159,102.2255,0.9681,0.6477,1.0314,56.9226,30.7077,0.34,0.3835672124704359
E05013514,2.1,1.3887,105.0,2.4835,1.0379,124.176,0.9707,0.5863,0.9664,60.8304,27.8372,0.3,0.017232740615136244
E05013734,2.84,1.4896,142.0,3.2571,1.0451,162.8573,0.974,0.6539,0.9388,58.3259,19.2303,0.36,0.16648921945268813
E05013930,1.68,1.2848,84.0,2.2027,1.1036,110.134,0.974,1.0315,0.7359,68.5204,43.2767,0.26,0.0854436446164697
E05013760,1.98,1.5185,99.0,2.4413,1.2176,122.063,0.9742,0.8488,0.7777,64.3062,32.5636,0.24,0.3176976451628635
E05013972,1.28,1.0506,64.0,1.9385,1.1911,96.9262,0.975,0.8402,0.7603,80.1849,38.8503,0.22,-0.402687906336213
E05011254,2.28,1.8187,114.0,2.5328,1.2948,126.6387,1.0041,0.8229,1.0326,57.1499,25.2481,0.38,0.3666436458637443
E05011481,1.74,1.4682,87.0,2.1173,1.2542,105.8664,1.0142,0.9783,0.8911,72.1447,35.0117,0.42,0.1446562798153307
E05013816,2.56,1.6183,128.0,2.7899,1.1333,139.4953,1.0174,0.6558,0.9362,55.1328,25.6947,0.34,0.26197301030531384
E05013898,1.8,1.6162,90.0,2.2041,1.2492,110.2068,1.0252,0.5096,1.0894,69.653,26.0916,0.28,0.1351547954126826
E05014015,1.82,1.9968,91.0,2.003,1.5007,100.1506,1.0329,0.9923,1.1312,63.163,28.8845,0.34,0.40603754747914067
E05013761,1.66,1.5066,83.0,2.1169,1.136,105.8428,1.0333,0.7705,1.0126,74.1977,29.3759,0.24,0.06822158961657077
E05011469,2.92,1.4405,146.0,3.2103,1.0479,160.5163,1.0459,0.9363,0.7932,46.8849,28.9723,0.36,0.15882350379714671
E05013511,2.36,1.6753,118.0,2.6826,1.2087,134.128,1.0593,0.8602,0.8828,61.4718,30.2676,0.4,0.31434237947014243
E05011470,2.06,1.4057,103.0,2.4909,1.0621,124.5425,1.064,0.994,0.8455,71.2136,32.9841,0.32,0.053565015515620984
E05013568,1.52,1.729,76.0,1.8864,1.2499,94.321,1.0643,0.8293,1.0266,73.8372,40.6687,0.3,0.260846897018714
E05013505,2.22,2.1504,111.0,2.1967,1.4923,109.8366,1.0686,0.763,1.1363,53.5897,35.0293,0.46,0.4688133305724618
E05013791,2.44,1.4591,122.0,2.9789,1.337,148.9464,1.0728,0.7778,0.9411,61.8943,28.5761,0.36,0.0323780658250431
E05013983,2.08,1.9149,104.0,2.3904,1.4528,119.5187,1.0731,0.6764,1.1258,64.4733,32.0433,0.3,0.3339204126569376
E05009328,1.88,1.4658,94.0,2.4996,1.3248,124.9823,1.0868,1.0095,0.909,65.8907,41.7516,0.2,0.05439868711035112
E05011473,1.66,1.1886,83.0,2.3589,1.2401,117.9439,1.087,1.0947,0.7837,77.6038,51.3788,0.22,-0.288292582441795
E05013803,2.38,1.701,119.0,2.7625,1.1087,138.1275,1.0891,0.8703,1.0129,68.4633,24.902,0.36,0.22708966908564554
E05011249,1.72,1.4434,86.0,2.3324,1.2304,116.6202,1.1043,1.0156,0.8848,80.6764,37.3541,0.28,0.02689439805801086
E05013562,2.18,1.5868,109.0,2.5332,1.1912,126.6579,1.1127,0.8304,0.9178,70.5301,36.7544,0.42,0.16368512178503591
E05009384,2.64,1.9141,132.0,2.9792,1.3564,148.9594,1.1216,0.8427,1.1455,56.6242,29.7687,0.32,0.2914674674494565
E05013553,2.26,1.9252,113.0,2.4526,1.4896,122.6291,1.1301,0.8931,0.9518,62.0852,32.7419,0.36,0.40396225672799724
E05013742,2.08,1.6268,104.0,2.7166,1.0143,135.8316,1.1326,0.7833,1.1539,80.2666,36.6591,0.2,0.002309500805354636
E05013968,2.22,1.8658,111.0,2.5531,1.5306,127.6555,1.1327,0.7579,1.0435,67.0853,30.7665,0.46,0.31117370139967293
E05014055,2.06,1.6088,103.0,2.4445,1.0582,122.2273,1.1472,1.0305,0.9752,74.3774,42.8176,0.32,0.11372356711869303
E05011097,2.12,1.4377,106.0,2.6997,1.0289,134.983,1.1506,0.9494,0.8195,81.0192,38.3007,0.32,0.02152426648051975
E05013970,2.0,1.9272,100.0,2.3765,1.3251,118.8262,1.1589,0.9169,1.1266,68.5663,42.7489,0.3,0.28931042693478015
E05014054,2.58,1.6299,129.0,3.021,1.0908,151.052,1.1622,0.9229,1.0656,61.8296,33.2819,0.32,0.053817371311862705
E05013569,2.42,1.9493,121.0,2.6179,1.3726,130.8955,1.1631,0.9523,1.0366,59.5822,33.5089,0.36,0.35389983627560384
E05013620,2.28,1.7501,114.0,2.663,1.3656,133.1521,1.169,0.9509,1.0541,61.9768,30.1157,0.28,0.18198301462270217
E05013886,2.3,1.7409,115.0,2.6831,1.3757,134.1538,1.1739,0.9393,0.8932,61.6466,33.2637,0.32,0.2727861769888442
E05013666,1.86,1.6538,93.0,2.4181,1.2422,120.9042,1.1785,1.1661,0.9828,82.0001,48.2342,0.2,0.12869832378551516
E05011219,2.18,1.6499,109.0,2.637,1.2555,131.8492,1.1795,0.8927,1.1011,70.7491,32.6746,0.38,0.03302498136268084
E05013512,2.06,1.634,103.0,2.347,1.0318,117.3487,1.1915,1.1219,0.9381,78.9119,42.6234,0.4,0.12778570223040775
E05013557,2.14,1.6661,107.0,2.4721,1.2201,123.6068,1.1933,1.0404,0.9396,70.047,38.993,0.38,0.15855124782714203
E05013506,2.26,1.6264,113.0,2.7605,1.2651,138.0264,1.1946,0.9422,1.0124,75.5639,34.7548,0.32,0.06209717594400899
E05013558,2.14,1.512,107.0,2.7561,1.1213,137.8037,1.1983,0.9738,0.928,74.6643,46.7842,0.3,-0.017571568055673614
E05011250,2.1,1.5017,105.0,2.6532,1.1934,132.6618,1.2073,1.2813,0.803,76.955,45.0477,0.34,0.054518109508848944
E05013976,2.16,1.5566,108.0,2.6855,1.3471,134.2743,1.2109,1.1753,1.0618,73.9743,40.4643,0.28,-0.08293218231518695
E05013810,1.84,1.5826,92.0,2.4137,1.2132,120.6843,1.2119,1.1347,0.8892,83.7431,48.9901,0.18,0.08593350053941362
E05014077,2.42,2.0009,121.0,2.5578,1.3059,127.8904,1.2335,1.1211,1.0397,63.0899,38.582,0.38,0.3422059945137441
E05013686,2.5,1.6067,125.0,2.7587,1.0778,137.9356,1.2345,1.0979,0.8988,65.6166,40.1919,0.4,0.08469998419619817
E05011466,2.86,1.6164,143.0,3.3078,1.2911,165.3901,1.2412,1.0061,0.9729,67.0684,26.884,0.44,0.03608084997771721
E05013578,1.88,1.686,94.0,2.5166,1.4147,125.8317,1.2415,1.0986,1.0945,88.1737,39.0552,0.36,0.025261496586255983
E05013586,2.1,1.4743,105.0,2.7627,1.0431,138.1332,1.2434,1.2725,0.7666,85.3001,46.3659,0.24,0.003785573015475996
E05013546,2.64,1.6995,132.0,3.0861,1.1349,154.3065,1.2437,1.1965,0.8964,65.6137,38.1136,0.34,0.1753241674606073
E05013822,2.06,1.6464,103.0,2.5244,1.2427,126.2194,1.2442,1.1054,0.9518,78.0844,43.9822,0.32,0.08301637687026375
E05013829,2.1,2.0025,105.0,2.3912,1.2328,119.56,1.2565,0.9285,1.2648,73.2977,45.361,0.36,0.1993571752602208
E05013820,2.14,1.9484,107.0,2.5872,1.0922,129.3592,1.258,1.1039,1.2267,77.5236,44.5169,0.26,0.1782256860117727
E05013772,2.56,2.1108,128.0,2.725,1.3619,136.2523,1.2583,1.0322,1.2843,62.9734,38.0027,0.4,0.26722895635944655
E05011228,2.9,2.1595,145.0,3.2431,1.411,162.1575,1.2608,0.7883,1.3831,66.7035,27.7113,0.3,0.2419601061268256
E05013748,3.64,1.6005,182.0,4.0143,0.8336,200.7148,1.2634,1.0656,0.9506,59.3972,23.4194,0.4,0.011447656916522053
E05011220,2.34,2.0265,117.0,2.6343,1.3549,131.7143,1.2651,1.186,1.1055,78.8779,41.5161,0.48,0.30465675133351
E05013733,1.8,1.3851,90.0,2.5725,1.0167,128.6227,1.2734,1.4007,0.8566,101.0536,47.159,0.22,-0.2451116709478376
E05014119,2.72,1.6293,136.0,3.3088,1.2488,165.4375,1.2767,1.1453,0.9361,61.7161,42.4564,0.3,0.04334139325227393
E05013939,2.12,1.8913,106.0,2.3203,1.3006,116.0151,1.2768,1.021,1.1809,73.0629,40.4511,0.38,0.14509396353696857
E05013914,2.96,1.9055,148.0,3.0611,0.9952,153.0569,1.2833,1.0562,1.0712,65.4332,26.7276,0.38,0.22122193333306628
E05013992,2.96,1.9268,148.0,3.2911,1.6561,164.553,1.2847,1.2013,0.9637,60.6349,36.4098,0.38,0.29623729030145285
E05014075,2.66,1.7683,133.0,3.0331,1.0676,151.6549,1.2881,1.1337,1.0473,73.3317,36.5817,0.38,0.10773351389735386
E05009399,2.62,1.8282,131.0,2.9678,1.0894,148.388,1.2909,1.0309,1.0877,75.9899,32.4048,0.38,0.13731969348574768
E05013497,2.6,1.7728,130.0,2.8641,1.1653,143.2031,1.2915,1.2539,0.851,75.5739,35.5056,0.46,0.22806160516805485
E05013741,2.7,1.9509,135.0,2.9907,1.2641,149.5333,1.2926,1.0775,0.9713,65.1899,39.5086,0.34,0.3042201811244716
E05013549,3.04,1.9055,152.0,3.2702,1.1008,163.5094,1.2964,1.0692,1.0991,63.6648,30.5263,0.4,0.19495881017783145
E05013663,2.72,1.9277,136.0,3.1398,1.2219,156.988,1.3,0.8776,1.2378,71.4832,32.2507,0.3,0.12364069950924106
E05011229,2.36,2.0077,118.0,2.793,1.3328,139.6485,1.301,0.9064,1.3754,79.2183,37.2839,0.32,0.1022431705302097
E05013811,2.14,1.9379,107.0,2.5838,1.2311,129.1903,1.3042,1.0491,1.2537,79.9312,41.9733,0.22,0.11934394022151285
E05013700,2.78,1.4886,139.0,3.4177,0.8266,170.8829,1.3047,1.0803,0.9684,79.1926,30.653,0.3,-0.2070643927643756
E05013752,2.38,1.5635,119.0,2.8184,0.9665,140.9208,1.3058,1.3607,0.8385,77.2584,41.7548,0.36,0.0005944568408691175
E05013765,2.58,2.0111,129.0,2.8916,1.2652,144.582,1.3064,1.0194,1.3837,67.2896,31.4671,0.32,0.09601570181229824
E05013756,3.0,1.7023,150.0,3.3846,1.2011,169.2313,1.3069,1.0107,1.1029,70.1752,27.794,0.44,-0.021136255168197282
E05013812,2.76,2.0757,138.0,2.9699,1.4012,148.4959,1.3091,1.2062,1.1689,54.0307,33.8426,0.28,0.2770305643115637
E05014090,2.84,1.9832,142.0,3.0195,1.2942,150.975,1.3134,1.2055,1.1954,61.5624,32.4365,0.38,0.18915774333012259
E05013911,3.06,1.8671,153.0,3.246,1.0604,162.2975,1.315,1.1166,1.0669,58.429,36.4451,0.4,0.16732304908249784
E05013943,2.32,2.0745,116.0,2.6354,1.2782,131.7712,1.316,1.1748,1.1846,71.5806,39.9687,0.26,0.26328506703448606
E05013659,3.24,1.6971,162.0,3.5915,0.856,179.5752,1.316,1.073,1.1233,66.4254,32.3806,0.32,-0.05172594160586175
E05013764,2.1,1.7871,105.0,2.4669,1.3253,123.3453,1.3196,1.1754,1.101,85.3287,34.7767,0.44,0.06410729637805512
E05013654,2.02,1.7437,101.0,2.5939,1.2905,129.6959,1.3201,1.3434,1.1255,84.8621,52.8095,0.22,-0.0015294156427427819
E05013563,2.1,1.6444,105.0,2.6206,1.184,131.0288,1.3209,1.276,1.0151,85.6593,58.7786,0.32,-0.03945814833934991
E05013608,2.16,1.6826,108.0,2.854,1.5152,142.6978,1.3215,1.2635,0.992,75.4768,42.3196,0.24,0.022908746019384085
E05013702,2.4,1.8736,120.0,2.7444,1.2251,137.2214,1.3244,1.2008,1.0484,71.0943,47.3266,0.3,0.17696932794869324
E05013621,3.08,1.9042,154.0,3.4533,1.1837,172.6655,1.3297,1.1552,1.0442,61.9358,31.3539,0.36,0.20175442849008784
E05014057,2.8,1.7379,140.0,3.3064,0.9688,165.3178,1.3307,1.2339,1.0112,76.7349,39.1102,0.26,0.06318195489123568
E05013989,2.3,1.7642,115.0,2.9439,1.2722,147.1929,1.3311,1.1744,1.1093,79.264,44.7574,0.26,0.0237310308081512
E05013762,3.28,1.9487,164.0,3.5749,1.2181,178.7467,1.3354,1.1181,1.1043,61.0681,30.3356,0.38,0.19974390047547064
E05011483,2.46,1.854,123.0,2.9441,1.3425,147.2038,1.3379,1.0135,1.1657,74.2042,36.3272,0.36,0.07329412715840966
E05013714,2.66,1.7798,133.0,3.3086,1.0794,165.431,1.3408,1.1009,1.0239,85.0104,39.841,0.34,0.08992869967912864
E05011227,2.14,1.8737,107.0,2.4851,1.2476,124.2557,1.3447,1.2833,1.1179,77.7491,45.753,0.36,0.1184683605211505
E05013946,2.22,1.5945,111.0,2.7707,0.9919,138.5368,1.3456,1.2998,0.8126,90.968,48.1096,0.32,0.013530996806066176
E05013926,2.42,2.0413,121.0,2.8359,1.4018,141.797,1.3489,1.2599,1.1437,79.2641,39.0709,0.32,0.24051164678235093
E05013885,2.72,1.9171,136.0,3.1531,1.1592,157.6552,1.3502,1.2919,1.0167,74.0938,48.0483,0.34,0.2125984141323226
E05013633,3.32,3.4726,166.0,2.9659,2.3843,148.2928,1.3508,0.8124,1.8572,42.557,20.569,0.36,0.5595426667253445
E05014066,3.6,2.0304,180.0,3.4826,1.2232,174.1311,1.3579,1.4231,1.0143,59.1017,26.2824,0.58,0.29403101474548754
E05011242,2.84,1.7422,142.0,3.4416,1.1118,172.078,1.3588,1.2748,1.0587,73.401,33.1239,0.32,0.009960555186538822
E05009404,1.96,1.7138,98.0,2.546,1.0228,127.2986,1.3598,1.4779,1.0421,92.4974,71.7511,0.28,-0.012136718290061799
E05013824,2.62,1.894,131.0,2.8675,1.2928,143.3742,1.3604,1.308,0.9616,74.6703,37.5962,0.4,0.21579929129214392
E05011236,2.52,1.6193,126.0,3.1405,1.2102,157.0229,1.3627,1.2616,0.8008,81.3711,45.462,0.32,0.03283105174569323
E05013890,2.54,1.7981,127.0,3.2537,1.4624,162.6869,1.3675,1.0541,1.1684,83.1586,47.2776,0.26,-0.012496272958553822
E05013565,2.84,1.7998,142.0,3.3209,1.3066,166.0446,1.3679,1.011,1.0696,75.55,29.8512,0.4,0.05733026737697977
E05011233,2.66,2.0663,133.0,2.8982,1.425,144.9124,1.3686,1.1814,1.2582,58.5587,43.0222,0.32,0.18164203894331554
E05013766,3.1,1.7871,155.0,3.4185,1.1196,170.9264,1.3721,1.2476,1.0426,70.2895,32.6693,0.38,0.05816979445067971
E05013594,3.84,1.9521,192.0,4.1626,1.0896,208.1294,1.3816,1.2748,1.1472,58.9224,27.5841,0.44,0.14347900307435313
E05014089,3.28,1.7847,164.0,3.6982,1.1132,184.9082,1.3837,1.3413,0.9677,56.9791,31.9994,0.32,0.09266850073033195
E05013770,3.32,1.7313,166.0,3.9218,1.152,196.0892,1.3881,1.2273,1.1747,62.537,33.4423,0.24,-0.11628274635099634
E05013945,2.62,1.689,131.0,3.1215,1.0398,156.0729,1.3891,1.1796,1.0609,81.2748,39.9666,0.32,-0.08480225578709533
E05014084,2.84,2.8952,142.0,2.8694,1.7358,143.4708,1.3911,0.8738,1.5873,66.8886,40.153,0.42,0.46385675366248746
E05013889,2.32,1.7195,116.0,2.8207,1.2003,141.0338,1.392,1.2269,1.1086,79.877,49.5093,0.32,-0.0844460616451137
E05014116,3.02,1.8349,151.0,3.6425,0.7481,182.1238,1.3956,1.1575,1.1745,83.7738,38.8587,0.4,5.164261958312544e-05
E05013687,2.74,1.7821,137.0,3.2324,1.1739,161.6179,1.4065,1.2276,0.9287,75.0046,40.1678,0.32,0.09287064076306828
E05011223,3.34,2.4126,167.0,3.6356,1.6212,181.7788,1.4072,1.166,1.3752,66.65,33.0772,0.36,0.32797484835384805
E05013903,3.44,1.728,172.0,4.1102,0.9374,205.5104,1.4108,1.3168,1.1333,72.3347,26.2414,0.32,-0.11024080228679889
E05014078,2.62,1.8504,131.0,3.0174,1.0019,150.8715,1.4114,1.0949,0.9883,79.6424,45.2921,0.32,0.12106257159604261
E05013673,3.06,1.9103,153.0,3.5157,1.2128,175.7859,1.4116,1.1946,1.1164,65.559,38.1016,0.34,0.10132424316232791
E05013776,2.68,2.1135,134.0,3.2184,1.5811,160.918,1.4149,1.1244,1.1246,81.0699,37.8041,0.32,0.259561076562394
E05013900,2.74,1.9039,137.0,3.1026,0.922,155.1321,1.4151,1.3846,1.1546,69.5018,46.9625,0.26,0.06855648751576804
E05013787,2.7,1.9509,135.0,3.0452,1.3964,152.2579,1.4224,1.4073,0.9849,70.6846,41.085,0.4,0.20273418731460402
E05014061,3.0,1.666,150.0,3.2962,0.7793,164.8117,1.4226,1.2928,0.9908,74.8199,35.1959,0.4,-0.09779657356146942
E05013821,2.3,1.7525,115.0,2.739,1.1801,136.9511,1.4251,1.2614,1.0889,86.2229,46.8501,0.34,-0.0607478682462983
E05011474,2.38,1.7366,119.0,2.9225,1.2135,146.1266,1.4255,1.4023,1.0031,80.888,49.5139,0.3,-0.021170010911724102
E05013797,3.68,1.9943,184.0,3.9374,0.9304,196.8698,1.4273,1.0648,1.3247,64.3559,25.5497,0.46,0.03612108655530599
E05009322,2.74,2.554,137.0,2.8566,1.7439,142.8322,1.4283,1.1175,1.5153,70.5923,28.2073,0.38,0.3288534137128514
E05013923,3.04,3.1361,152.0,2.7813,1.9285,139.0654,1.4348,0.9854,1.7016,61.1768,32.3575,0.46,0.49203836174488913
E05013727,3.44,2.1961,172.0,3.4814,1.2184,174.0695,1.4356,1.0473,1.2528,55.9211,32.4992,0.42,0.23852558126134937
E05013938,2.78,2.3237,139.0,2.841,1.4028,142.0522,1.439,1.0295,1.5046,69.3951,28.635,0.36,0.18941030978236362
E05011221,2.58,1.7853,129.0,3.0985,1.1129,154.9261,1.4393,1.239,1.04,83.2069,41.518,0.32,-0.002477241172170297
E05009394,2.6,1.9795,130.0,2.7502,1.1523,137.5107,1.4426,1.5216,0.9649,73.2817,49.8934,0.42,0.2204085435704799
E05011477,2.8,1.9588,140.0,3.0407,1.1596,152.0357,1.4484,1.234,1.2305,73.3637,43.1646,0.36,0.04741456221168805
E05014117,2.86,2.3734,143.0,2.9512,1.6359,147.5576,1.4546,1.503,1.0147,66.6257,42.7932,0.36,0.4339372024597029
E05013515,3.1,1.7985,155.0,3.5063,0.8943,175.315,1.455,1.3171,0.998,74.7748,35.5022,0.4,0.024236488802825584
E05009324,3.9,2.501,195.0,3.82,1.4769,190.9981,1.4554,1.0849,1.4152,55.1944,27.4371,0.48,0.33428972738502605
E05014064,3.04,2.3557,152.0,3.5326,1.3581,176.6278,1.4572,1.071,1.2864,66.1908,31.3166,0.22,0.31134073253605166
E05013623,2.58,1.8745,129.0,3.0801,1.1152,154.0055,1.4589,1.3731,1.131,81.3333,50.0217,0.28,0.017904539083034132
E05011468,3.26,2.5299,163.0,3.1449,1.5033,157.2435,1.4611,1.2915,1.2484,64.0631,34.8181,0.44,0.41614730778174824
E05013625,2.68,2.0548,134.0,2.9433,1.2185,147.1652,1.4626,1.5076,1.143,77.4921,40.7056,0.38,0.17357318973650782
E05014091,2.98,1.9845,149.0,3.4498,1.1027,172.492,1.4647,1.1405,1.3497,76.058,40.6317,0.38,-0.018417881115344814
E05013591,2.68,1.7893,134.0,3.3792,0.941,168.9606,1.4714,1.3076,1.1039,91.3313,46.6605,0.28,-0.07064519432247462
E05013828,2.98,2.2632,149.0,3.1699,1.2202,158.4948,1.4728,1.1282,1.1504,65.9935,46.8799,0.36,0.3094982028967843
E05014005,3.16,2.262,158.0,3.341,1.4045,167.0483,1.4747,1.2599,1.2359,72.8746,29.6567,0.48,0.26778071957351335
E05013986,2.16,2.1127,108.0,2.6154,1.2283,130.7704,1.4755,1.2263,1.3759,92.3647,50.9747,0.32,0.07818233050787715
E05013897,3.66,1.9858,183.0,3.9384,1.163,196.9201,1.4842,1.4315,1.0222,70.7253,30.1143,0.4,0.16494352542953672
E05011105,3.8,1.9483,190.0,4.0945,1.1325,204.7253,1.4848,1.2821,1.0588,56.8516,26.6187,0.44,0.1120475533815255
E05013932,3.42,1.9388,171.0,3.823,1.1393,191.149,1.4875,1.2844,1.066,67.2409,35.7599,0.36,0.09701609803298816
E05011226,2.94,2.3071,147.0,3.0307,1.2464,151.5366,1.4877,1.1418,1.3325,73.5193,36.541,0.42,0.24213903791202906
E05011480,2.94,2.5984,147.0,3.1773,1.5382,158.864,1.4895,0.9071,1.5895,78.6439,31.9198,0.38,0.2904218308000377
E05013584,2.76,2.4458,138.0,2.9877,1.2219,149.3855,1.4997,1.191,1.7486,79.0617,35.6828,0.36,0.10521641005642857
E05013913,3.16,2.0737,158.0,3.2721,0.9893,163.6032,1.5,1.2866,1.2016,63.3001,41.0066,0.32,0.13037711505095595
E05013544,3.08,2.6942,154.0,2.9679,1.8422,148.3936,1.501,0.8177,1.6113,62.2177,33.7014,0.44,0.32558095728574954
E05009393,4.24,2.2091,212.0,4.26,1.1632,213.001,1.504,1.2537,1.1981,49.7134,26.6145,0.46,0.23285699354343337
E05011246,3.38,1.9048,169.0,3.8073,0.6846,190.3649,1.5043,1.2628,1.2514,62.0546,37.2506,0.32,-0.06805847401779053
E05014021,2.46,2.1016,123.0,3.0391,1.4473,151.9558,1.5048,1.3718,1.0687,84.0888,48.5962,0.26,0.21822896213428644
E05013624,3.68,2.1423,184.0,3.925,1.1484,196.2498,1.51,1.125,1.3077,67.4368,29.4398,0.42,0.12041619903835754
E05013556,3.56,2.3313,178.0,3.3965,1.4652,169.8263,1.5139,1.2718,1.2619,60.6983,31.6265,0.54,0.276746220881266
E05013768,2.84,1.9098,142.0,3.0731,1.2235,153.6543,1.5139,1.2173,1.2447,69.8215,45.0618,0.36,-0.06594056205239363
E05014103,3.64,1.8043,182.0,4.2499,0.6077,212.4952,1.5184,1.5713,1.2522,66.7064,36.0456,0.36,-0.2042798227179392
E05011240,2.9,2.0429,145.0,3.0998,1.1269,154.99,1.5191,1.4649,1.1937,79.9515,40.6668,0.42,0.0943968302323066
E05013982,2.82,1.826,141.0,3.318,1.1338,165.9,1.5201,1.4383,0.9506,77.5358,48.2936,0.32,0.021784733511524768
E05013790,3.04,1.9162,152.0,3.5517,1.1022,177.585,1.5235,1.2396,1.1659,77.077,36.9175,0.32,-0.015267046221751013
E05013745,3.24,1.6606,162.0,3.8711,0.7678,193.5543,1.5242,1.2932,1.0483,78.0818,38.7556,0.4,-0.2581761312273385
E05013647,2.74,2.1171,137.0,3.3862,1.5951,169.3088,1.5279,1.5078,1.0786,94.202,43.2862,0.38,0.20892829047003636
E05009400,3.38,2.0091,169.0,3.9594,1.0626,197.9682,1.5321,1.3822,1.1401,65.5185,33.19,0.3,0.08454811542016305
E05014086,2.46,2.1016,123.0,3.1659,1.6096,158.2941,1.5321,1.3971,1.2389,91.4242,54.35,0.32,0.11014837598730831
E05013967,3.28,2.1669,164.0,3.4391,1.383,171.9536,1.5341,1.3833,1.1996,59.7126,43.5061,0.42,0.18211146544993206
E05013799,3.46,2.5572,173.0,3.5791,1.5761,178.9565,1.5362,1.3781,1.4282,66.4471,33.435,0.44,0.31981624889210303
E05013991,3.82,2.274,191.0,4.0422,1.3195,202.1106,1.5437,1.1116,1.4776,58.8863,27.974,0.44,0.10749553042740456
E05013754,3.46,2.3142,173.0,3.5861,1.4618,179.3057,1.5499,1.5247,1.217,60.6241,37.6278,0.42,0.26577688728073623
E05011222,3.02,2.005,151.0,3.4091,1.357,170.4568,1.553,1.3861,1.2208,67.3808,39.3152,0.42,0.017090592611580746
E05014080,3.28,2.0508,164.0,3.7255,1.395,186.2741,1.5628,1.3544,1.2826,66.5928,36.5329,0.36,0.016332188054205443
E05013535,3.58,1.8193,179.0,4.0113,0.9256,200.566,1.5632,1.4742,1.1304,69.6416,42.1382,0.38,-0.13941372538518104
E05013746,3.04,2.1377,152.0,3.541,1.237,177.0485,1.5675,1.2563,1.3222,80.3662,37.3112,0.34,0.0687618559742208
E05013736,2.9,2.7423,145.0,2.9866,1.7737,149.3304,1.5693,1.5643,1.5347,67.316,40.4475,0.32,0.35268464394246224
E05014000,3.78,2.0131,189.0,4.283,1.3221,214.1507,1.5707,1.5552,1.1335,69.2724,32.4312,0.4,0.06174198393476438
E05014001,3.72,2.4664,186.0,3.8664,1.716,193.3214,1.571,1.3997,1.2161,59.3219,37.806,0.42,0.3429170243040587
E05014094,3.88,2.2735,194.0,4.0672,1.2315,203.3598,1.573,1.4137,1.2979,60.2545,28.0589,0.44,0.18561195845083944
E05013769,3.1,2.3321,155.0,3.4496,1.3951,172.4815,1.5797,1.5626,1.2428,71.2883,44.6595,0.34,0.2478567408986767
E05009336,3.62,2.5062,181.0,3.7049,1.523,185.2436,1.5814,1.0137,1.2477,72.6243,27.6866,0.42,0.3458730167028964
E05013528,3.18,2.6549,159.0,3.3193,1.39,165.9658,1.5821,1.138,1.7032,75.9269,44.9685,0.36,0.22608796886717286
E05009388,3.5,2.2338,175.0,3.8029,1.1243,190.1465,1.5837,1.4604,1.4643,61.2119,33.5599,0.36,0.05737180512337381
E05013757,2.68,1.8232,134.0,3.1758,1.1115,158.7922,1.5841,1.5901,0.9357,88.5275,52.5134,0.34,-0.033691366897816044
E05013916,4.2,2.1759,210.0,4.2438,0.8948,212.1904,1.5877,1.2137,1.4509,50.6125,30.9044,0.42,0.012114696630227573
E05011252,2.7,2.4096,135.0,3.1134,1.5157,155.6712,1.5884,1.3547,1.5011,85.5308,42.816,0.36,0.1684860777399575
E05013771,3.52,2.2245,176.0,3.8226,1.3033,191.1316,1.59,1.3619,1.1354,70.1129,30.3133,0.48,0.2182264299009704
E05013564,3.66,2.504,183.0,3.8947,1.6111,194.7348,1.592,1.1207,1.57,67.7821,26.0036,0.52,0.19438194287058785
E05013773,2.62,2.4899,131.0,3.0264,1.4191,151.3197,1.5922,1.1387,1.5174,86.8649,43.1794,0.32,0.2113461185944786
E05009329,3.6,2.3212,180.0,3.8989,1.3171,194.9428,1.5926,1.2711,1.3396,67.6056,37.7056,0.34,0.1865456017714977
E05013814,2.24,1.4786,112.0,3.0695,0.8812,153.4726,1.5941,1.4738,0.931,106.8075,58.475,0.28,-0.582643159281572
E05013523,4.68,2.2717,234.0,4.7569,1.1757,237.8456,1.5947,1.2713,1.3272,56.093,25.4014,0.54,0.1559049962971334
E05013657,3.66,2.5921,183.0,3.5091,1.4359,175.4549,1.5951,1.3894,1.3221,64.232,37.1472,0.46,0.35344410108726787
E05013998,3.3,2.1969,165.0,3.4523,1.2158,172.6168,1.5999,1.395,1.3839,73.4538,42.2341,0.38,0.062025962022801306
E05013997,2.48,2.3925,124.0,2.9228,1.5166,146.1401,1.5999,1.2219,1.5744,81.7087,46.0212,0.32,0.11069235289312085
E05013573,3.54,2.8299,177.0,3.8858,2.0207,194.2888,1.6048,1.3281,1.7107,74.6578,33.432,0.48,0.30643737916909586
E05013800,3.6,2.0,180.0,3.9337,1.0089,196.6853,1.6056,1.3924,1.232,77.7374,29.4647,0.46,-0.037121102833618025
E05013739,5.54,2.0123,277.0,5.6501,0.8114,282.507,1.612,1.5206,1.15,46.9785,23.3068,0.48,0.018563510573009978
E05011475,2.74,2.1267,137.0,3.0929,1.2582,154.6454,1.6136,1.3877,1.2902,89.0785,46.9687,0.38,0.04451806216077814
E05014071,4.56,2.3226,228.0,4.4433,1.0367,222.1655,1.6152,1.1292,1.3925,67.9395,24.3127,0.52,0.14701141317776634
E05013978,3.48,2.418,174.0,3.6526,1.4638,182.6303,1.6225,1.1093,1.6512,74.1816,30.3354,0.4,0.07416403649069536
E05013884,4.56,2.168,228.0,4.7733,0.9542,238.6639,1.6291,1.3437,1.2177,52.6259,27.4095,0.36,0.10839388100849678
E05011111,3.1,1.7871,155.0,3.7464,0.6223,187.3224,1.6322,1.1738,1.2446,87.8781,47.7685,0.3,-0.33616682295395983
E05009396,4.34,2.2552,217.0,4.7859,0.8531,239.2934,1.6342,1.0357,1.5706,68.1083,26.9967,0.32,-0.02076706758153568
E05013518,3.56,2.7342,178.0,3.9847,1.9215,199.2356,1.6367,1.3402,1.4101,76.0178,35.2361,0.46,0.36838979317620646
E05013541,3.68,1.9737,184.0,4.1788,0.901,208.9422,1.638,1.448,1.1835,77.2322,35.298,0.34,-0.062404106961180705
E05014056,3.44,2.2782,172.0,3.6611,1.1815,183.0546,1.6383,1.828,1.2191,77.3026,40.8119,0.36,0.18593120155053788
E05013740,3.5,2.0025,175.0,3.8824,1.136,194.1181,1.6411,1.6399,1.0775,67.0849,38.5584,0.32,0.025201188725721857
E05013747,3.8,2.3474,190.0,4.0826,1.1829,204.1324,1.647,1.1829,1.4141,66.6924,32.0742,0.38,0.13475701690918962
E05014118,4.08,1.8277,204.0,4.4877,0.3468,224.3836,1.6516,1.599,0.9923,51.0969,37.8283,0.3,-0.12798277475184183
E05013698,2.98,2.2451,149.0,3.2969,1.2667,164.8469,1.6537,1.7291,1.2824,83.4848,42.1919,0.36,0.12012873351206332
E05013555,3.34,2.2643,167.0,3.7437,1.4844,187.1825,1.6563,1.4176,1.3777,75.5813,42.7061,0.38,0.08377217030311424
E05013660,3.56,2.052,178.0,4.134,0.8422,206.701,1.6566,1.4065,1.3317,77.9709,40.5593,0.36,-0.08629500268199375
E05014019,3.24,1.8905,162.0,3.7697,0.7303,188.486,1.6577,1.5305,1.002,82.754,43.1197,0.4,-0.06554600742516947
E05013806,3.42,2.0111,171.0,3.7612,1.0038,188.0581,1.6578,1.6837,1.1215,66.691,41.3484,0.36,-0.00436974104372978
E05013937,3.28,2.1096,164.0,3.692,1.2253,184.6013,1.6582,1.2809,1.3176,84.8133,39.7721,0.36,-0.020523977774503877
E05013917,3.48,2.1404,174.0,3.7013,0.981,185.0652,1.6585,1.5408,1.2209,79.3105,35.8866,0.36,0.061956980371535186
E05013519,4.08,2.2843,204.0,4.3225,1.3402,216.125,1.6608,1.492,1.3508,64.5692,29.1822,0.4,0.11089727593245025
E05011224,3.38,2.5546,169.0,3.4912,1.3957,174.5577,1.6615,1.4425,1.3477,76.0867,44.5136,0.4,0.29004314240198215
E05013980,3.72,2.4331,186.0,3.8554,1.5475,192.7718,1.662,1.4543,1.3685,66.7485,32.0789,0.5,0.20752553570839527
E05013979,3.92,2.127,196.0,4.1913,1.2301,209.5661,1.6636,1.4502,1.2016,60.3592,39.8405,0.44,0.05662273439456189
E05014082,3.86,2.7995,193.0,3.765,1.7987,188.2509,1.665,1.4032,1.3083,64.4699,32.7544,0.46,0.42063459848376994
E05014113,3.78,2.0632,189.0,4.1837,1.0181,209.1873,1.6684,1.4994,1.1345,61.9314,33.9208,0.36,0.03039987192623972
E05013509,5.12,2.1154,256.0,5.302,0.9358,265.1012,1.6745,1.4353,1.3021,48.1582,28.7988,0.44,-0.018223311470840997
E05009387,3.58,2.6657,179.0,3.4667,1.6955,173.3339,1.6755,1.3299,1.5321,68.5561,32.8094,0.42,0.2665270109554434
E05009398,3.44,2.2421,172.0,3.9372,0.686,196.8617,1.6768,1.2765,1.4994,70.2844,40.6869,0.18,-0.017912586952375298
E05013598,4.18,2.2287,209.0,4.4437,0.5771,222.1844,1.6784,1.0545,1.6923,63.1982,28.6168,0.42,-0.1552962704802523
E05011231,3.78,2.0632,189.0,3.9473,1.1807,197.3629,1.6786,1.676,1.0266,79.1915,33.4272,0.44,0.0769367226820965
E05013763,3.68,2.2355,184.0,4.1078,1.3306,205.3888,1.6823,1.3191,1.5963,74.1775,32.7993,0.36,-0.08770089618234023
E05013551,2.5,1.8434,125.0,3.3132,1.3825,165.6598,1.6868,1.3261,1.3991,101.9204,59.0458,0.3,-0.430547526998617
E05013644,3.66,2.5202,183.0,4.2142,1.6782,210.7083,1.6869,1.4637,1.4186,79.5342,40.3161,0.34,0.22598290998708903
E05013940,3.68,2.3512,184.0,3.8938,1.2672,194.6896,1.6903,1.5384,1.3719,73.3646,32.0905,0.46,0.13216195986522383
E05013574,4.0,2.603,200.0,4.1673,1.422,208.3643,1.6909,1.4591,1.3879,66.406,35.0127,0.48,0.285100425736608
E05013662,3.18,2.3447,159.0,3.5309,1.2229,176.5448,1.6973,1.773,1.3875,73.3452,49.3416,0.32,0.11511406430696336
E05011248,3.42,2.4167,171.0,3.7302,1.4928,186.5084,1.6975,1.4178,1.5533,79.3088,36.9879,0.44,0.08343764235924034
E05014063,3.26,2.0683,163.0,3.6149,1.1103,180.7463,1.698,1.6053,1.0746,87.2283,41.3441,0.44,0.04231814750322471
E05013941,3.78,2.2614,189.0,4.1099,1.1767,205.4944,1.6987,1.3422,1.5271,71.7204,32.4314,0.44,-0.03180938396945998
E05014058,3.66,2.0164,183.0,4.0057,1.1704,200.2832,1.6996,1.3175,1.3912,64.7178,36.3622,0.36,-0.20105208033981858
E05009401,4.48,2.4846,224.0,4.5943,1.2545,229.7134,1.7076,1.214,1.4839,58.7552,26.3621,0.42,0.16132724709840585
E05013561,3.52,1.9508,176.0,4.0817,1.1619,204.0826,1.7117,1.6182,1.069,74.1017,42.4748,0.32,-0.08581462558142161
E05013788,3.44,2.4591,172.0,3.6548,1.2129,182.741,1.7129,1.2339,1.6306,76.9172,32.4181,0.44,0.0652237375561755
E05011478,3.9,2.4349,195.0,3.9093,1.5659,195.464,1.7203,1.2911,1.4088,61.6058,39.3263,0.48,0.15586681552109527
E05009392,4.9,2.252,245.0,5.3162,0.9548,265.81,1.7206,1.3256,1.43,55.5415,22.9837,0.42,0.001079231724754881
E05013781,3.64,2.5775,182.0,3.6817,1.3758,184.0838,1.7211,1.4408,1.3888,66.1306,42.4259,0.44,0.2546835242402449
E05011243,4.34,2.0164,217.0,4.7654,1.3486,238.2711,1.7242,1.6176,1.2131,51.0829,37.5479,0.36,-0.10804678030010506
E05009326,3.2,2.814,160.0,3.2495,1.6229,162.4772,1.7255,1.5358,1.4964,78.4585,47.9802,0.32,0.3335467078696528
E05013802,4.06,2.0938,203.0,4.4172,0.9639,220.8623,1.7314,1.4177,1.1831,62.5186,36.3358,0.34,-0.017028254081569827
E05013664,3.28,2.0308,164.0,4.1088,0.9225,205.438,1.7328,1.6216,1.4224,89.7726,44.8441,0.24,-0.2335145152079785
E05013735,3.66,2.2003,183.0,3.9438,1.0859,197.1888,1.733,1.4896,1.3432,74.8471,34.0282,0.36,-0.005694536748318102
E05013571,3.36,2.1358,168.0,4.0454,1.7094,202.2705,1.7388,1.3191,1.6571,87.0109,33.4341,0.44,-0.27828790828523653
E05013496,3.36,2.1166,168.0,3.3594,1.0857,167.9722,1.7391,1.6346,1.2206,84.541,43.116,0.48,-0.02144058584169728
E05013650,4.22,2.3061,211.0,4.4537,1.6393,222.6826,1.7435,1.394,1.317,54.3754,32.9334,0.42,0.09058359161590868
E05013699,3.52,2.2153,176.0,3.9391,1.0356,196.954,1.7457,1.378,1.2639,94.3681,37.5849,0.38,0.040870743765532014
E05013817,3.2,2.4744,160.0,3.2424,1.2892,162.1193,1.7458,1.4926,1.3843,78.8151,41.3595,0.4,0.17904277952971215
E05013819,2.6,2.6496,130.0,2.7643,1.5076,138.2174,1.7464,1.2972,1.735,88.6823,48.7162,0.38,0.12794135506852167
E05014074,3.06,2.2625,153.0,3.5645,1.1158,178.2242,1.7465,1.6024,1.4308,89.6915,43.9168,0.34,-0.00799132256498658
E05013638,4.4,2.2223,220.0,4.5092,1.5786,225.4621,1.7482,1.4411,1.2112,66.7754,32.1148,0.5,0.07149199598868183
E05013502,4.5,2.5173,225.0,4.4283,1.4795,221.4126,1.7489,1.2796,1.4938,57.4871,32.0173,0.48,0.15536823735180993
E05013721,4.48,2.5091,224.0,4.6979,1.5081,234.8958,1.7521,1.8667,1.2322,63.7028,33.705,0.46,0.2612620447866979
E05013597,5.3,2.3496,265.0,5.5662,1.0122,278.3124,1.7549,1.5426,1.4423,46.3058,23.3838,0.46,0.05393018142889039
E05011244,4.48,2.1594,224.0,4.5725,1.1249,228.6257,1.7554,1.7591,1.1513,57.359,37.2288,0.5,0.04138280397789418
E05009391,3.14,2.204,157.0,3.4425,1.2145,172.125,1.7574,1.8229,1.1909,90.2398,45.2374,0.38,0.05926834506016909
E05011245,3.92,2.0488,196.0,4.2431,1.0325,212.1536,1.7574,1.3759,1.3832,68.5213,36.5077,0.4,-0.2065584494997892
E05011239,3.24,2.6385,162.0,3.6227,1.7674,181.1326,1.7602,1.6603,1.3582,86.5443,44.4716,0.38,0.2809060225143817
E05013813,3.8,2.4744,190.0,3.8648,1.0473,193.2415,1.7603,1.3876,1.3923,82.85,34.8938,0.48,0.1669364120360175
E05013925,3.08,4.4942,154.0,2.4155,3.0828,120.7765,1.7614,0.2369,2.4978,38.58,19.8905,0.4,0.5343637611670916
E05013615,4.12,2.3003,206.0,4.401,0.7839,220.0477,1.763,1.5191,1.2585,74.9932,38.8591,0.44,0.10133267200904073
E05011482,3.12,1.955,156.0,3.6451,1.1627,182.2528,1.7656,1.6823,1.1758,88.1451,45.5873,0.4,-0.19402269543185868
E05009367,3.58,2.3912,179.0,4.0369,1.5965,201.847,1.7705,1.6117,1.2367,72.9906,44.0576,0.32,0.17313323617466359
E05013815,3.38,2.3377,169.0,3.5198,1.3123,175.9878,1.773,1.4395,1.3866,78.9544,37.8402,0.42,0.06123353925985808
E05011471,4.74,2.8913,237.0,5.1035,1.67,255.1733,1.7743,1.5773,1.6285,62.1059,30.1961,0.38,0.29851089404653974
E05013635,3.98,2.2632,199.0,4.4188,1.1896,220.9391,1.7752,1.6117,1.3028,74.4829,38.4433,0.44,0.040813671222015846
E05011472,3.76,2.2366,188.0,4.0944,1.1203,204.7185,1.7775,1.6833,1.3686,78.5639,31.7573,0.36,-0.018899147808350003
E05009397,3.86,2.2858,193.0,4.1017,0.8855,205.0858,1.7775,1.5491,1.5998,77.3657,36.1254,0.38,-0.10689378711129449
E05013785,4.02,2.4866,201.0,4.1549,1.2385,207.7444,1.7838,1.5071,1.6931,63.9505,35.8272,0.4,0.01125347879659555
E05011464,4.32,2.4697,216.0,4.7213,1.6001,236.065,1.7848,1.3292,1.5887,66.0475,36.6484,0.44,0.053326841405912706
E05009318,4.2,2.2131,210.0,4.4391,0.5997,221.9549,1.7857,1.4352,1.517,73.5701,37.2028,0.44,-0.1341547965913903
E05013827,2.76,2.6074,138.0,2.9451,1.4196,147.256,1.786,1.4495,1.9324,79.8631,52.8447,0.36,-0.028026511671838783
E05013795,3.92,2.3719,196.0,4.5392,1.2159,226.9612,1.7866,1.3174,1.4857,81.1231,33.996,0.34,0.0287691406195556
E05013683,4.4,2.3819,220.0,4.5928,1.5896,229.6402,1.7888,1.7441,1.2644,54.1102,37.7194,0.42,0.14272693981356988
E05013653,3.0,2.4495,150.0,3.6026,0.9291,180.132,1.7895,1.5701,1.9056,90.8897,57.249,0.24,-0.14985493236523673
E05011225,3.76,2.1905,188.0,4.2287,1.4218,211.4366,1.7901,1.5413,1.3495,66.5061,36.5772,0.32,-0.06102333043237729
E05013753,3.1,2.6206,155.0,3.5562,1.4265,177.8102,1.7923,1.4574,1.6974,90.2055,48.8024,0.3,0.10315871018293266
E05013823,3.24,2.479,162.0,3.4813,1.1973,174.0636,1.7953,1.5986,1.7036,81.6989,50.1781,0.38,-0.007413259553311624
E05011247,5.04,2.2311,252.0,5.0418,1.0385,252.0917,1.7958,1.5544,1.2985,54.174,31.2292,0.5,0.0002039685827941451
E05013668,3.7,2.0127,185.0,4.1299,0.7818,206.4961,1.7988,1.9324,1.2013,72.0231,40.2102,0.34,-0.1712251351985814
E05013681,3.26,2.6404,163.0,3.3692,1.3856,168.4584,1.8028,1.5018,1.6128,78.7009,47.5489,0.36,0.15125516127893934
E05013758,3.54,2.517,177.0,3.7042,1.1028,185.2124,1.803,1.3229,1.9773,79.268,43.3606,0.42,-0.14074152994043754
E05013711,4.06,2.394,203.0,4.2904,1.2887,214.518,1.8105,1.6589,1.1474,75.2511,36.7415,0.48,0.1866142880547329
E05011101,3.78,2.5013,189.0,3.9076,1.2854,195.3802,1.8139,1.8088,1.412,69.7399,40.8325,0.38,0.14472554236630442
E05014008,3.72,2.807,186.0,3.5887,1.51,179.436,1.8244,1.4262,1.7378,66.9943,39.1701,0.46,0.18568416731580129
E05009405,4.4,2.1946,220.0,4.7851,0.8853,239.2556,1.8267,1.506,1.4322,59.0226,30.5906,0.3,-0.13279309610297796
E05011230,4.24,2.4872,212.0,4.2723,1.4004,213.6146,1.8268,1.4313,1.5473,61.4634,31.026,0.36,0.06252004048883575
E05013676,4.18,2.561,209.0,4.1721,1.4152,208.6044,1.8306,1.2485,1.7423,65.9425,31.0457,0.5,0.01580830178455761
E05013915,4.72,2.4911,236.0,4.5844,1.1842,229.222,1.8311,1.6029,1.2779,55.2886,34.6717,0.44,0.18551407374652107
E05013805,5.1,2.279,255.0,4.9346,1.0705,246.7312,1.836,1.7022,1.2946,47.1725,33.7793,0.52,0.015075097936256499
E05011235,3.88,2.7527,194.0,4.069,1.7563,203.4494,1.8414,1.3731,1.9468,74.3059,29.5106,0.42,0.04315699628850467
E05011109,4.74,2.3888,237.0,4.8873,0.9646,244.3626,1.8415,1.8867,1.5241,66.5298,31.6046,0.38,-0.013418288891340335
E05013891,3.58,2.5079,179.0,3.8403,1.2253,192.0146,1.8415,1.5792,1.4914,84.1039,37.3809,0.36,0.09611747634728263
E05013999,4.3,2.418,215.0,4.4764,1.3783,223.8194,1.8468,1.1382,1.6867,66.8854,30.5133,0.38,-0.08180329875475456
E05013550,3.82,2.7232,191.0,3.755,1.4189,187.7512,1.8487,1.6333,1.8205,76.8795,35.8391,0.5,0.0828179549405178
E05014003,3.52,3.0854,176.0,3.5486,1.7413,177.4282,1.8522,1.4301,1.8464,64.9072,40.0888,0.42,0.2741997042371219
E05013899,4.14,3.0707,207.0,4.1791,1.8035,208.9552,1.8543,1.3013,1.7541,58.3026,33.4261,0.3,0.3015846357342321
E05011099,3.58,2.4167,179.0,4.2117,1.0791,210.5853,1.8549,1.5856,1.2835,99.025,40.6193,0.32,0.1168060984440471
E05009377,4.0,2.2768,200.0,4.3411,0.876,217.054,1.8549,1.5662,1.4472,80.218,32.4485,0.44,-0.08137434014211364
E05013755,4.12,2.5204,206.0,3.9936,1.3127,199.6793,1.8558,1.5813,1.6103,66.9032,31.9192,0.5,0.038626977791546335
E05013585,3.82,2.4133,191.0,4.0021,1.0721,200.1059,1.8579,1.6182,1.3255,73.1838,43.5936,0.46,0.0935623497763457
E05013612,4.3,2.7939,215.0,4.3814,1.5297,219.0719,1.8585,1.2289,1.8846,66.3555,27.1606,0.5,0.0934880585788127
E05013559,3.76,2.6385,188.0,3.6836,1.4275,184.1815,1.8586,1.4975,1.3019,67.2545,42.0592,0.42,0.25021958438461334
E05013784,4.3,2.4928,215.0,4.6914,1.0951,234.5697,1.8608,1.4122,1.5086,75.7062,35.6826,0.36,0.06518905245660334
E05013693,5.38,2.1936,269.0,5.3065,0.9042,265.3253,1.8642,1.5878,1.3438,48.6322,26.6128,0.5,-0.11222510788699913
E05013994,4.42,2.5801,221.0,4.499,1.2669,224.948,1.8661,1.7457,1.4165,67.2875,33.857,0.44,0.16478353867731632
E05014083,3.96,2.3986,198.0,4.144,1.1153,207.1991,1.867,1.6257,1.4564,83.0878,33.7029,0.46,0.013154403050033237
E05011255,4.82,2.545,241.0,4.936,1.3863,246.8005,1.8674,1.4516,1.6861,55.0626,32.5461,0.4,0.011707219215393527
E05013778,3.94,2.5984,197.0,4.0427,1.3616,202.1337,1.871,1.3902,1.6062,75.0823,37.2158,0.42,0.08879386573478887
E05014004,3.58,2.4335,179.0,3.9268,1.2661,196.3397,1.8731,1.6442,1.5408,93.781,40.6464,0.42,-0.005446373488459111
E05011241,3.58,2.2232,179.0,4.1058,1.0673,205.2876,1.8736,1.8488,1.2129,88.6082,52.0993,0.46,-0.022422981522497887
E05014093,6.22,2.6518,311.0,5.9517,0.8628,297.5873,1.8771,1.3147,1.7855,39.7478,26.2659,0.44,0.035347240293217896
E05014010,5.62,2.079,281.0,5.6346,0.6081,281.731,1.8777,1.6843,1.2972,53.4218,26.707,0.48,-0.22173482151756518
E05013818,3.74,2.2751,187.0,3.9364,0.9406,196.8185,1.8781,1.8522,1.3661,80.6744,36.2395,0.42,-0.055955799218846636
E05014020,3.68,2.3162,184.0,4.1715,1.0659,208.5753,1.8783,1.5698,1.355,95.7796,41.3602,0.42,-0.013283332423498662
E05013579,3.78,2.5418,189.0,4.1652,1.5599,208.2624,1.8804,1.6879,1.5202,77.553,41.8388,0.38,0.08381451394256234
E05013789,3.42,2.3827,171.0,3.6814,1.3528,184.0686,1.884,1.5477,1.623,81.1499,48.4103,0.32,-0.10197902279074289
E05013658,5.24,2.3085,262.0,5.3082,1.0481,265.4118,1.8857,1.6496,1.4289,59.2621,31.6237,0.46,-0.06403068634415154
E05013901,5.12,2.5366,256.0,5.0751,1.5001,253.7574,1.8872,1.4389,1.585,47.1601,25.6553,0.48,0.04474475809931833
E05014073,5.7,2.1876,285.0,5.7466,1.0801,287.3305,1.8878,1.5466,1.2774,45.1706,25.9937,0.48,-0.1008329036971285
E05011232,3.56,2.3401,178.0,3.6133,1.2836,180.664,1.8924,1.9389,1.2014,78.1949,45.5783,0.44,0.06909542138791624
E05013887,3.5,2.3669,175.0,4.0206,1.2415,201.0318,1.8954,1.4641,1.5162,86.9579,49.8942,0.34,-0.06473583339721722
E05013604,5.64,2.2293,282.0,5.7474,0.8895,287.3717,1.8973,1.6319,1.4128,49.2455,29.9994,0.4,-0.14076471572362648
E05013532,4.12,2.8041,206.0,4.5405,1.5781,227.0247,1.8977,1.7513,1.5808,77.5998,39.7776,0.36,0.21481067530515363
E05013895,4.32,2.6142,216.0,4.6649,1.6352,233.2428,1.8983,1.5978,1.6742,62.6645,36.485,0.4,0.0518759122115775
E05014026,3.62,2.7986,181.0,4.1887,1.609,209.434,1.8999,1.6191,1.8471,78.6228,38.2278,0.34,0.09410710252276833
E05013809,5.34,2.5121,267.0,5.3867,1.0195,269.3343,1.905,1.7045,1.386,46.0263,30.1855,0.4,0.10875139721416416
E05011253,4.28,2.6805,214.0,4.7021,1.7685,235.1049,1.91,1.806,1.386,67.6316,42.478,0.38,0.21455050545525445
E05013688,3.18,2.2469,159.0,3.5186,0.8824,175.9278,1.9103,1.7232,1.3497,91.1842,54.3811,0.3,-0.09844228041431613
E05009402,5.5,2.8873,275.0,5.3181,1.6115,265.905,1.9129,1.5737,1.559,46.4313,26.0533,0.5,0.2605585444907813
E05013933,3.16,2.7057,158.0,3.5997,1.293,179.9835,1.915,1.6806,1.7681,95.9382,58.4529,0.26,0.06183842583845123
E05013807,3.64,2.3366,182.0,4.1326,1.0257,206.6279,1.916,1.5033,1.5273,84.5535,41.5452,0.34,-0.11334857088984873
E05013672,4.68,2.5828,234.0,4.6242,0.9613,231.211,1.9204,1.4498,1.6132,58.1444,34.2885,0.46,0.04577045165601501
E05011114,3.5,2.3669,175.0,3.9973,0.9435,199.8658,1.921,1.5624,1.4747,88.6186,42.208,0.32,-0.0603698210843433
E05013906,3.86,2.4076,193.0,3.9787,1.0177,198.9366,1.9219,1.6441,1.3963,83.6747,37.5086,0.46,0.01340095640603256
E05013560,4.96,3.0968,248.0,4.7495,1.7334,237.4771,1.9224,1.674,1.4108,60.6359,33.2819,0.56,0.3992246116958045
E05013577,3.94,2.2715,197.0,4.476,1.2299,223.8014,1.9247,1.6182,1.209,76.5966,50.0371,0.32,-0.01593625244828112
E05013985,4.26,2.2298,213.0,4.4674,1.1001,223.3698,1.9298,1.6977,1.4198,70.6709,36.3605,0.48,-0.16979324842048849
E05013888,3.68,2.1894,184.0,4.3309,1.1915,216.5456,1.9306,1.6928,1.2951,99.4152,42.6091,0.34,-0.14333523107330626
E05013678,5.02,2.9726,251.0,4.8373,1.7426,241.8658,1.9326,1.2937,1.9853,51.3144,27.6831,0.52,0.12263968372421286
E05013661,5.08,2.4977,254.0,5.2491,1.1533,262.4562,1.9332,1.6485,1.3214,61.874,31.5626,0.48,0.10877662902982
E05013905,4.04,2.755,202.0,4.1472,1.241,207.3617,1.9369,1.4066,1.7661,78.7365,37.4172,0.44,0.08470894755577363
E05013692,4.16,2.683,208.0,3.9328,1.4395,196.6425,1.9404,1.8851,1.2121,71.3308,43.5166,0.48,0.2621754711387789
E05013525,5.82,2.5289,291.0,5.7409,1.0121,287.0474,1.9416,1.7633,1.4119,52.2282,26.3938,0.5,0.086853166961529
E05013894,4.6,2.5714,230.0,4.7939,1.1844,239.6943,1.9417,1.5828,1.5819,54.231,40.5318,0.32,0.03973077250546697
E05013583,4.16,2.5663,208.0,4.7812,1.8084,239.0586,1.9425,1.489,1.4358,68.0082,37.4335,0.38,0.10237877465139722
E05014027,4.3,2.3234,215.0,4.6323,0.6926,231.6158,1.9463,1.5444,1.4276,77.1272,36.5028,0.38,-0.09361171300344973
E05013804,5.24,2.4375,262.0,5.6322,1.2321,281.6105,1.948,1.6043,1.5237,57.7277,29.8102,0.4,-0.0425283115681554
E05009332,4.28,2.2771,214.0,4.7464,1.0592,237.3215,1.9519,1.6049,1.5022,66.1047,35.7891,0.28,-0.18496019353149018
E05013777,3.78,2.6209,189.0,4.1723,1.0039,208.6131,1.9521,1.6827,1.8764,76.5075,40.8393,0.4,-0.07863929984343687
E05011486,4.9,2.4096,245.0,5.426,1.3943,271.2987,1.9532,1.5776,1.312,72.9569,27.7641,0.42,0.03305120696440356
E05013892,3.9,2.3057,195.0,4.4236,0.6118,221.1812,1.9537,1.8892,1.4866,80.8742,44.483,0.32,-0.1482937187532103
E05013981,3.18,2.336,159.0,3.5045,1.1035,175.2228,1.9594,1.8843,1.381,89.3164,52.355,0.3,-0.06747845868956626
E05013988,4.84,3.0261,242.0,4.733,1.6948,236.6511,1.9657,1.6321,1.7516,60.8256,35.1451,0.48,0.23440187469282947
E05013910,4.36,2.6708,218.0,4.6842,1.3205,234.2105,1.9657,1.6721,1.7028,68.2139,39.6349,0.38,0.0407627599624546
E05013611,2.8,2.3035,140.0,3.6271,1.165,181.354,1.9662,1.6836,1.3889,114.8671,55.3941,0.28,-0.10699487423741338
E05013614,4.0,2.6108,200.0,4.2471,1.0066,212.3534,1.9687,1.7166,1.5803,80.812,47.7393,0.36,0.05339865010055744
E05013782,5.12,2.8901,256.0,5.1136,1.508,255.6821,1.9707,1.4704,1.7796,55.2947,24.6995,0.44,0.14638247062956689
E05009334,3.76,2.3609,188.0,4.2966,1.1705,214.8297,1.9719,1.7167,1.4731,83.1495,41.3683,0.32,-0.10115927040511563
E05013605,5.12,2.608,256.0,5.4424,1.1603,272.1186,1.974,1.512,1.501,62.7464,29.6955,0.44,0.08419433277338595
E05013896,4.02,2.4866,201.0,4.3101,1.1149,215.5051,1.9794,1.8074,1.4519,80.6568,38.171,0.38,0.012535911185785342
E05013710,4.52,2.5334,226.0,5.1069,1.2459,255.3433,1.9795,1.6892,1.3545,82.7783,32.4573,0.36,0.09110939994945755
E05013548,3.94,2.4529,197.0,4.0478,1.1842,202.3911,1.9821,1.7174,1.4741,75.5515,41.9732,0.4,-0.027399026494972167
E05011117,4.94,2.9583,247.0,5.2567,1.6255,262.8327,1.9831,1.4159,1.7593,67.5781,30.0379,0.44,0.1877716320778967
E05013918,5.2,2.5153,260.0,5.0611,1.2046,253.0563,1.9835,1.6933,1.3938,56.0672,29.7508,0.48,0.05839607742646724
E05014016,3.6,2.5395,180.0,4.0769,1.1582,203.8444,1.9855,1.4643,1.6304,87.5745,48.9336,0.28,-0.03593682349087679
E05013602,4.62,2.2936,231.0,4.789,0.6979,239.4516,1.987,1.6805,1.4476,67.4734,34.1011,0.44,-0.16418452278614182
E05011218,4.88,2.8041,244.0,5.1433,1.0545,257.1655,1.99,1.4567,1.9826,66.9571,34.4908,0.38,-0.013803875463238136
E05013618,4.54,2.5652,227.0,4.5629,1.0756,228.1429,1.99,2.208,1.3307,80.8759,35.9803,0.5,0.11679763265078769
E05013995,4.14,2.3648,207.0,4.5123,0.8928,225.6171,1.9908,1.8932,1.3138,73.4313,43.4695,0.36,-0.03180879915520918
E05013619,4.28,2.4747,214.0,4.4338,1.1134,221.6919,1.9925,1.7474,1.3238,74.7506,36.9455,0.42,0.05235503505687755
E05014092,4.1,2.5813,205.0,4.203,1.1234,210.15,1.9933,1.8135,1.5154,71.927,43.8214,0.36,0.04689105265258353
E05013684,6.66,2.918,333.0,6.7283,1.6135,336.4146,1.9966,1.8797,1.7563,36.908,23.3844,0.48,0.16000760752666765
E05014104,6.82,2.753,341.0,6.8619,1.6684,343.0951,1.9995,1.7719,1.4323,36.2555,27.5437,0.46,0.19107148266282648
E05009385,5.22,2.6748,261.0,5.6824,1.103,284.1178,1.9999,1.7868,1.5446,61.6941,32.6078,0.36,0.0961367843818618
E05013725,4.78,2.7052,239.0,5.0507,1.0469,252.5371,2.001,1.6763,1.6587,62.6811,33.5598,0.36,0.06573676851842747
E05013537,4.06,2.7361,203.0,4.1708,1.2022,208.5385,2.0014,1.6145,1.6557,66.0146,43.2985,0.32,0.0878133713205086
E05013609,5.14,2.6955,257.0,5.3709,1.1851,268.5462,2.007,1.56,1.8358,53.2703,36.857,0.38,-0.029548941945668705
E05014106,4.68,2.6683,234.0,4.9091,1.1859,245.4538,2.0088,1.7311,1.658,63.426,35.3717,0.36,0.03557111936697166
E05013674,8.4,3.1429,420.0,7.8366,1.6771,391.831,2.0108,1.2974,2.0207,43.5586,16.3662,0.64,0.16893660374351638
E05013969,3.2,2.1571,160.0,3.6247,1.2522,181.2368,2.0153,2.0422,1.2085,86.3046,59.7238,0.38,-0.20454363160422306
E05013626,4.62,2.4981,231.0,4.7033,1.0333,235.166,2.0155,1.6251,1.471,75.6356,36.5491,0.44,-0.011000406398640639
E05013690,4.1,2.7572,205.0,4.2046,1.5953,210.2275,2.0161,1.7472,1.6035,64.5586,45.3721,0.4,0.1161701444943739
E05014110,4.96,2.4156,248.0,5.7031,1.1405,285.1542,2.0189,1.5616,1.444,62.9684,35.1488,0.34,-0.0701475321429117
E05013567,4.56,2.5727,228.0,4.951,1.7741,247.5478,2.0208,1.8438,1.1907,65.5868,39.0691,0.38,0.15618514626303392
E05013990,4.16,2.6601,208.0,4.2645,1.3689,213.2262,2.0234,1.5937,1.7347,81.464,39.1764,0.48,-0.015680759231609054
E05013645,5.38,3.1029,269.0,5.2709,1.4972,263.5446,2.0257,1.7368,1.6637,50.9396,32.8666,0.44,0.2776265856761616
E05013675,5.64,2.7977,282.0,5.5881,1.7971,279.4036,2.0283,1.8493,1.4761,44.4025,31.7221,0.46,0.18529015148200056
E05013628,4.82,2.6702,241.0,4.8914,1.2454,244.571,2.0313,1.6781,1.5351,57.754,34.7215,0.48,0.0789878503948459
E05013603,4.04,2.9064,202.0,4.4068,1.6715,220.3392,2.0325,1.6356,1.8234,73.4155,36.4103,0.32,0.10738225326170203
E05014114,4.9,2.7719,245.0,5.3945,1.3761,269.7271,2.0327,1.8264,1.619,62.121,35.936,0.34,0.11016495435136364
E05013924,4.28,3.1754,214.0,4.1553,1.4036,207.7651,2.0355,1.4541,1.7234,68.9796,45.1914,0.4,0.28614343675408116
E05013767,3.16,2.3505,158.0,3.6482,1.0434,182.4125,2.0356,1.9444,1.4506,100.5482,57.86,0.3,-0.14619781426232792
E05013774,4.02,2.9031,201.0,3.9828,1.2389,199.1417,2.0359,1.6656,1.7348,76.9286,39.0544,0.46,0.14110395764407246
E05014096,6.76,2.623,338.0,6.5787,1.0891,328.9351,2.0437,1.677,1.6885,37.2767,24.913,0.5,-0.03384229691365093
E05009321,3.98,2.7811,199.0,4.0466,1.3494,202.3315,2.0526,1.9414,1.5144,88.7356,47.0965,0.42,0.14761047936018423
E05013566,5.5,2.501,275.0,5.9706,1.7681,298.5275,2.0546,1.4973,1.5094,55.3728,31.089,0.38,-0.05282387222829943
E05013709,3.76,2.6385,188.0,4.4348,1.2846,221.7399,2.0547,1.6719,1.4658,98.3821,58.1822,0.34,0.07254812736213323
E05013587,4.54,2.7121,227.0,4.9683,1.1939,248.413,2.0597,1.929,1.6293,61.1704,48.5724,0.3,0.050574147799084423
E05013622,4.78,2.6441,239.0,4.9023,1.041,245.1148,2.0612,1.7099,1.5978,66.6022,38.3963,0.4,0.014803577399898016
E05013689,4.9,2.4011,245.0,4.8109,0.7314,240.5456,2.0615,1.763,1.525,69.5614,40.0512,0.46,-0.1555468454802973
E05013984,3.26,3.2059,163.0,3.3496,1.7805,167.4825,2.0695,1.7369,1.9345,94.2556,48.0235,0.42,0.21067990043738016
E05013581,5.32,3.0802,266.0,5.1309,1.4956,256.5438,2.0747,1.6895,2.1016,47.519,35.3015,0.46,0.07151940782185429
E05011237,4.64,2.6784,232.0,4.9424,1.2451,247.1207,2.0779,1.7642,1.5836,77.1549,36.7091,0.46,0.03625469706894646
E05013744,3.54,2.3837,177.0,4.0191,1.1658,200.9565,2.0779,1.8186,1.3845,101.2808,54.8881,0.34,-0.11269066324894728
E05013920,6.5,2.7572,325.0,6.1442,1.0723,307.2117,2.0832,1.8181,1.9075,41.4733,25.3225,0.52,-0.061096067798816156
E05013883,4.18,2.9116,209.0,4.2572,1.0342,212.8584,2.0839,1.8621,1.9144,81.2078,39.6888,0.42,0.04493823205717262
E05014013,5.08,2.6252,254.0,5.2873,1.032,264.3669,2.0846,1.8119,1.5518,64.693,39.485,0.48,0.007082791587881276
E05013651,4.64,2.7237,232.0,4.7267,1.2207,236.3338,2.086,1.6157,1.6839,64.8714,39.3149,0.34,0.019278041798690415
E05013792,5.22,2.5895,261.0,5.1424,1.0225,257.1192,2.0881,1.8424,1.4317,53.0525,36.6747,0.48,0.0308428758334659
E05013717,4.76,2.5838,238.0,5.0014,1.0332,250.071,2.0888,1.6435,1.756,74.2796,34.6078,0.5,-0.12882965958086645
E05013779,3.52,2.2519,176.0,4.0277,1.3466,201.3833,2.0903,2.1463,1.4728,96.3903,50.1785,0.44,-0.30697728066542496
E05013902,4.06,2.9375,203.0,4.3602,1.3784,218.0122,2.0936,1.5838,1.7603,83.5453,43.8312,0.38,0.12254956478462409
E05013582,5.14,2.6879,257.0,5.3854,1.4049,269.271,2.0941,1.9273,1.3996,59.7646,31.7241,0.44,0.10950924093575842
E05011487,5.92,2.7093,296.0,5.7008,0.9113,285.0387,2.0946,1.7982,1.6855,53.4297,26.1274,0.52,0.003100390116854923
E05013593,6.1,2.6669,305.0,6.0578,1.0643,302.8876,2.0952,1.7157,1.4772,46.9698,27.7628,0.48,0.06337133533139838
E05014107,4.2,2.5395,210.0,4.5943,1.1935,229.7153,2.0994,2.032,1.4396,84.4283,40.1252,0.4,-0.018775935259251808
E05009368,4.42,2.3568,221.0,4.656,0.8636,232.8018,2.1,2.1186,1.2882,79.1689,39.9136,0.48,-0.1088976873985692
E05013517,5.36,2.4139,268.0,5.3647,1.0919,268.2366,2.1028,1.8727,1.5572,55.5337,31.618,0.52,-0.19050074490327984
E05013973,3.9,3.1184,195.0,3.9687,2.1565,198.437,2.1029,1.5045,1.9753,87.1266,44.922,0.48,0.13473624061121037
E05013580,4.24,2.7072,212.0,4.6017,1.6311,230.0874,2.1037,1.8989,1.6948,91.7813,44.1114,0.42,-0.008062400989687912
E05014105,6.04,2.5869,302.0,6.1418,0.935,307.0878,2.1048,1.6339,1.6047,61.2022,30.4348,0.46,-0.06030036331620092
E05014060,5.8,3.1752,290.0,5.5289,1.2604,276.4432,2.1061,1.3797,2.1121,50.2523,27.9304,0.52,0.10852709554131446
E05013909,4.76,2.9662,238.0,4.7098,1.625,235.4894,2.1065,1.8252,1.5826,63.5481,40.3926,0.4,0.20072326277786234
E05009403,5.26,2.5299,263.0,5.77,1.269,288.4989,2.1068,1.9635,1.7091,63.3792,34.4194,0.34,-0.1639834884781355
E05013575,4.32,2.478,216.0,4.6407,1.0332,232.0367,2.1084,1.7806,1.4222,86.2355,38.6819,0.48,-0.06812368771179322
E05013520,3.74,2.8415,187.0,3.8749,0.9703,193.7467,2.1133,2.016,1.5811,93.7574,58.5118,0.4,0.12594930875209476
E05013526,4.3,2.8589,215.0,4.5838,1.2973,229.1923,2.1146,2.1178,1.464,83.1281,38.2567,0.46,0.17949699131597185
E05013786,5.38,2.7172,269.0,5.2459,0.86,262.2964,2.1179,1.7525,1.7088,53.9219,33.6333,0.48,-0.015387457046270647
E05009323,5.4,3.0839,270.0,5.106,1.5883,255.3021,2.1231,1.6894,1.5628,68.7678,31.071,0.56,0.2595346597542263
E05014024,6.14,2.6342,307.0,6.0862,0.8342,304.3104,2.1243,1.7375,1.668,52.3986,33.2041,0.42,-0.06449739561234558
E05013751,4.6,2.5951,230.0,4.951,0.9988,247.5504,2.1253,1.8025,1.5094,82.6513,35.0131,0.38,-0.02269551876500331
E05013904,4.2,2.5475,210.0,4.1741,1.2919,208.7064,2.1261,2.0879,1.6075,88.6024,39.0853,0.5,-0.10894879411974312
E05013599,5.94,2.7211,297.0,6.1815,1.037,309.0772,2.1346,1.6109,1.7456,50.4317,24.6219,0.46,-0.0394798386674573
E05013704,5.44,2.8151,272.0,6.065,1.3946,303.2514,2.1362,1.5154,1.7436,77.6293,30.253,0.36,0.02883230533603065
E05013617,5.0,2.9067,250.0,5.1642,0.9765,258.2118,2.1365,1.7541,1.6519,69.432,36.2046,0.46,0.12572863517639188
E05013708,5.56,2.6276,278.0,5.924,1.3196,296.1982,2.138,1.8348,1.4565,54.2148,37.3182,0.38,0.017235729346762985
E05013540,5.12,3.3905,256.0,5.4782,2.0685,273.9103,2.1475,1.874,1.4273,71.7219,33.3453,0.44,0.41343606177453796
E05013977,3.34,2.8969,167.0,3.8021,1.7781,190.1066,2.1477,1.774,2.1656,94.7403,49.919,0.32,-0.11966607705896526
E05014088,5.22,2.3929,261.0,5.322,0.8286,266.0993,2.1489,1.9074,1.4961,63.4415,35.3146,0.44,-0.21383129234451048
E05013974,3.92,2.5702,196.0,4.4732,1.1243,223.6608,2.1506,1.5852,1.7893,94.4334,44.6743,0.3,-0.19910473847208965
E05013882,5.24,2.6152,262.0,5.465,1.1564,273.2506,2.1525,1.9423,1.4314,73.1738,31.4264,0.44,0.009131310927973701
E05014018,4.84,2.8454,242.0,5.1705,1.2663,258.5261,2.1552,1.911,1.7868,73.3625,30.4331,0.34,0.02024747606966648
E05013908,5.0,2.9137,250.0,5.0768,0.8361,253.8405,2.1571,1.4613,2.1023,62.7219,33.4334,0.42,-0.07985920221523046
E05014081,4.2,2.4411,210.0,4.7442,0.7063,237.2113,2.1576,2.0742,1.4179,93.6542,44.1259,0.42,-0.13452691907819125
E05013944,3.96,2.6027,198.0,4.2582,0.9349,212.911,2.1602,1.9549,1.6711,88.7666,49.0737,0.3,-0.11521181467537556
E05011100,4.56,2.6042,228.0,4.9971,0.975,249.8535,2.1641,2.0578,1.5098,84.5379,35.9719,0.44,-0.04072564072831608
E05013720,6.34,2.5683,317.0,6.0956,0.8649,304.7778,2.1643,1.7946,1.6866,41.7235,28.6413,0.5,-0.1558554959531555
E05011485,6.04,2.9064,302.0,6.1299,1.5493,306.4953,2.1689,1.5802,1.9567,62.3701,26.0427,0.48,-0.021494659104987823
E05013631,12.62,2.7247,631.0,12.0503,2.0063,602.5142,2.1724,1.395,1.6787,19.1752,13.8976,0.62,-0.028202065698415213
E05013703,6.06,2.8955,303.0,5.8698,1.2421,293.4913,2.1751,1.7359,1.8672,52.0962,31.3103,0.46,0.008348744082983806
E05009376,6.3,2.9433,315.0,6.3671,1.3114,318.353,2.1815,1.897,1.7794,47.1021,27.6603,0.46,0.0739548381533437
E05011234,4.44,2.6121,222.0,4.6317,1.2439,231.5847,2.1866,1.6927,1.6961,82.0441,44.5476,0.34,-0.13671425917804658
E05011489,5.66,2.7376,283.0,5.3572,1.2625,267.8617,2.1868,1.795,1.7799,55.4313,31.5963,0.52,-0.07384559835150983
E05011112,5.78,2.9017,289.0,6.1638,1.2253,308.1881,2.1902,1.6541,1.6359,58.0726,28.9015,0.44,0.10082966891745693
E05013616,5.88,2.8971,294.0,5.5306,1.3169,276.5282,2.1907,2.0158,1.4396,65.8164,33.1681,0.56,0.16966534235851471
E05014079,4.38,3.1291,219.0,4.4611,1.5005,223.0535,2.1912,1.6462,1.9266,79.8753,44.2802,0.42,0.12055004155238003
E05013723,4.78,2.8449,239.0,5.0496,1.3092,252.4785,2.1916,1.6267,1.8599,68.5132,37.9475,0.38,-0.03300110493944941
E05011467,5.04,3.0369,252.0,5.2207,2.0098,261.0371,2.1928,1.9533,1.6667,62.5736,30.1737,0.46,0.16682570005048147
E05014069,5.38,2.8132,269.0,5.4617,1.1096,273.0854,2.1968,1.8386,1.4636,65.3988,37.2372,0.44,0.10707608528159951
E05009320,5.74,2.6093,287.0,5.8588,0.7045,292.9396,2.2009,1.8656,1.5673,58.4988,37.0352,0.46,-0.08674504256040971
E05009382,4.6,2.9485,230.0,5.0753,1.401,253.7662,2.207,1.9053,1.8102,80.5299,37.253,0.38,0.05137776010137607
E05013521,6.4,2.8643,320.0,6.4333,1.2126,321.6646,2.2078,2.034,1.7788,42.1616,30.1023,0.48,0.008073546832231271
E05013641,4.96,2.6723,248.0,5.0772,1.3663,253.8591,2.2102,1.6794,1.8191,59.045,37.7106,0.42,-0.16139805107974414
E05011095,5.62,3.6806,281.0,4.8166,1.8588,240.8284,2.2119,1.6473,2.056,53.1524,36.0693,0.54,0.3194212214521982
E05013912,5.68,2.788,284.0,5.7649,0.9328,288.2445,2.2212,1.795,1.7458,54.9752,33.6105,0.42,-0.039766613224774705
E05014100,5.34,2.6311,267.0,5.658,0.8479,282.9008,2.2254,2.3849,1.71,66.6239,38.2099,0.4,-0.15234953904069015
E05013987,5.64,3.2873,282.0,5.2275,1.5145,261.3757,2.2261,1.5906,1.8766,52.7745,37.4867,0.42,0.20617313514679758
E05014098,5.66,2.7226,283.0,5.8008,0.7269,290.0402,2.2279,1.4874,1.7904,62.9284,33.321,0.38,-0.11571695598442067
E05013749,4.88,2.7003,244.0,5.175,0.7441,258.7506,2.2328,1.9306,1.6819,69.4073,44.8487,0.36,-0.08564339000544852
E05013613,4.76,2.818,238.0,4.8382,0.9957,241.9124,2.2338,1.7697,1.6687,58.3497,42.8445,0.36,0.008170123149758846
E05013510,4.96,2.9064,248.0,5.0954,1.3799,254.772,2.2363,1.8422,1.5725,59.6746,39.8258,0.44,0.1031944018735993
E05014067,4.3,2.8589,215.0,4.5189,1.2018,225.9466,2.2368,2.0254,1.7447,85.7342,48.9815,0.42,0.0029180242953011915
E05009372,6.72,2.8431,336.0,6.7008,1.0568,335.0389,2.2416,1.7623,1.8999,44.1192,25.8159,0.38,-0.08084005800863192
E05009375,5.72,2.6653,286.0,5.9112,0.7902,295.5581,2.2438,1.9376,1.7133,60.6064,33.0629,0.4,-0.13640729818094077
E05009379,5.3,2.7274,265.0,5.2795,0.696,263.9736,2.25,1.6838,1.877,64.3957,33.503,0.48,-0.1680438669864457
E05011106,5.5,3.2151,275.0,5.4934,1.6187,274.6689,2.251,2.0049,2.0966,54.3055,34.608,0.5,0.07453575833134074
E05011103,6.02,3.0135,301.0,6.2412,1.285,312.0611,2.2537,1.8513,1.7746,55.3286,36.517,0.38,0.08247531117667684
E05013669,4.22,2.9087,211.0,4.5313,1.0597,226.5672,2.2605,1.8102,1.8381,99.2022,42.9265,0.38,-0.015608979230670395
E05013677,5.9,3.0186,295.0,5.7272,1.3351,286.3576,2.2619,1.7672,1.8395,48.1933,33.9954,0.42,0.05574551664861782
E05014028,5.52,2.8802,276.0,5.4786,0.8869,273.93,2.263,2.1584,1.8208,68.3769,36.5961,0.44,-0.029602295277328716
E05013667,5.18,2.8621,259.0,5.3012,1.4798,265.0608,2.2635,2.0058,1.5216,57.5298,38.4505,0.42,0.0791205908705721
E05011462,4.04,2.9204,202.0,4.6081,1.149,230.4044,2.2645,1.8356,2.0384,91.7488,50.5256,0.36,-0.10072130814723845
E05013529,4.14,2.9762,207.0,4.484,1.2621,224.1987,2.2656,1.9928,1.62,81.8957,48.3209,0.36,0.11241006319052094
E05013513,5.5,3.2529,275.0,5.0641,1.5904,253.2066,2.268,1.8225,1.9529,57.6941,35.9002,0.54,0.14358262485449969
E05011251,4.5,2.7199,225.0,4.5758,1.2797,228.7882,2.2683,1.9679,1.805,68.8791,46.1028,0.42,-0.15006379667383607
E05013649,6.78,2.8805,339.0,6.155,1.2954,307.7482,2.2767,1.9651,1.7359,48.5256,27.7861,0.62,-0.0005827111651615091
E05013531,4.98,3.0203,249.0,5.1381,1.2218,256.9027,2.2769,2.172,1.6851,71.9686,40.0015,0.4,0.10879804565642726
E05011102,5.56,3.3513,278.0,5.2776,1.1223,263.8803,2.2779,1.7412,1.7101,55.9045,41.8715,0.42,0.2681705554713252
E05013713,5.28,2.6576,264.0,5.424,0.7845,271.1986,2.2797,1.6931,1.6377,71.4187,30.4458,0.42,-0.13059347018928724
E05013533,6.06,2.7878,303.0,5.7857,1.0947,289.2872,2.2799,2.0603,1.7339,50.7598,35.9452,0.46,-0.06931386542880458
E05013627,4.42,3.2832,221.0,4.2561,1.6492,212.8026,2.2803,1.7548,1.8672,88.3063,38.1415,0.44,0.18435383670307126
E05013534,4.52,3.1703,226.0,4.566,1.5587,228.3024,2.2836,1.7204,1.8835,86.976,41.6111,0.42,0.11760601090949818
E05013600,6.58,3.0977,329.0,6.4273,1.2145,321.3634,2.2844,1.7644,1.8458,57.7295,26.7187,0.52,0.08999495946107972
E05013589,6.08,3.0023,304.0,5.891,1.2289,294.5499,2.2845,1.6396,1.6963,54.4082,28.7197,0.46,0.08998100678484988
E05013652,5.9,2.7049,295.0,5.6483,0.8802,282.4137,2.2845,1.668,1.8193,66.821,30.8288,0.56,-0.1803151335462585
E05013527,5.02,3.133,251.0,5.0094,1.5541,250.4693,2.2856,1.9173,1.9691,74.8368,36.9896,0.44,0.06195341828032164
E05013726,6.22,3.0324,311.0,6.5348,1.1279,326.7399,2.2881,2.1843,1.6294,47.2157,35.3283,0.38,0.13028424793551663
E05013718,4.32,2.7733,216.0,4.7771,1.2887,238.854,2.2907,2.5202,1.5988,89.6229,37.4776,0.44,-0.02849473092862831
E05014023,5.16,2.7947,258.0,5.5252,0.8343,276.2583,2.2908,1.9794,1.753,75.0215,40.9178,0.38,-0.07903726485293117
E05014062,4.08,3.1223,204.0,4.2675,1.4955,213.373,2.2924,2.2858,1.8558,84.3379,46.8502,0.34,0.09662295439475743
E05011110,5.84,3.3281,292.0,5.6494,1.4272,282.472,2.294,1.7783,1.9553,52.9592,35.2376,0.46,0.17002982370151676
E05013629,5.52,2.6821,276.0,5.5834,1.3337,279.1696,2.295,2.2418,1.4853,73.3035,34.7729,0.46,-0.053850077056027734
E05013508,4.7,2.8302,235.0,4.8719,1.3072,243.5973,2.2958,1.8817,1.7499,87.2856,42.5691,0.48,-0.05369950220168063
E05011108,6.6,3.1558,330.0,6.4879,1.1479,324.3951,2.2961,1.5096,2.1728,55.6184,22.3675,0.42,-0.014204635840902924
E05009381,5.78,3.0659,289.0,5.7346,1.4901,286.7305,2.2969,1.8745,1.9588,66.0715,33.1426,0.44,0.01908019215582535
E05013691,5.92,2.8631,296.0,6.1099,1.1421,305.497,2.3013,2.2388,1.6533,57.1428,34.4912,0.4,0.007323772317000876
E05013706,5.68,3.3712,284.0,5.4085,1.5994,270.4233,2.303,1.9084,1.917,56.3193,37.6824,0.44,0.20045190910908306
E05013696,5.12,3.1793,256.0,5.0551,1.6615,252.7532,2.3055,1.9102,1.8373,58.0646,38.2976,0.46,0.12941171787040884
E05009390,5.42,2.6349,271.0,5.5639,0.9778,278.1948,2.3058,1.8672,1.5128,73.3972,35.2507,0.46,-0.1111085241876486
E05013732,6.22,2.7649,311.0,6.1481,0.8502,307.4066,2.3129,2.0982,1.7595,43.0742,35.4221,0.42,-0.11902613964819064
E05014076,4.64,3.5442,232.0,4.6953,1.6599,234.7662,2.3143,1.5642,2.2402,89.5477,39.1041,0.46,0.16541721612865323
E05013637,6.88,3.4502,344.0,6.7365,1.7801,336.8251,2.3217,1.5556,1.9964,57.3559,26.5287,0.44,0.20312892838566154
E05014029,5.7,3.5298,285.0,5.9529,1.823,297.6442,2.3227,1.9348,1.9522,71.2562,39.2067,0.44,0.25224233122374906
E05014101,4.44,2.8725,222.0,5.0363,0.9255,251.813,2.3229,2.1601,1.8262,91.4852,43.4708,0.32,-0.07147298375287892
E05014111,5.82,2.7678,291.0,5.9439,0.9886,297.1942,2.3274,2.0208,1.6658,60.5025,36.9739,0.44,-0.08374804335292985
E05009383,6.48,2.597,324.0,6.2388,0.9929,311.9404,2.3332,1.7751,1.8228,48.1812,27.4955,0.46,-0.3162804580590146
E05013738,6.24,2.5838,312.0,6.3576,0.755,317.879,2.3335,2.0634,1.7082,61.261,28.8356,0.48,-0.26941208753200363
E05013722,6.04,3.0703,302.0,6.2931,1.3236,314.6539,2.3409,2.0619,1.809,64.6821,29.3017,0.46,0.05968493169527089
E05011107,4.78,3.3092,239.0,4.8767,1.5293,243.8356,2.3479,2.0308,1.9581,78.4451,49.4851,0.42,0.13618638965275276
E05013665,6.06,3.1906,303.0,5.9531,1.3696,297.6574,2.3497,1.7746,1.8416,61.9839,36.9163,0.42,0.11342808321254405
E05014025,4.74,2.7465,237.0,5.1987,1.1785,259.9334,2.3534,2.2843,1.7211,77.2188,46.0964,0.32,-0.14188081621875326
E05013671,6.54,2.6435,327.0,6.57,1.2063,328.5002,2.3544,1.9372,1.6002,43.7942,32.022,0.44,-0.17583731983312423
E05013501,6.44,2.8151,322.0,6.5109,1.2138,325.5463,2.3547,1.9197,1.8302,57.4681,31.9673,0.44,-0.13656702434049262
E05009389,5.9,2.8374,295.0,5.8595,1.2791,292.9764,2.3583,2.0517,1.81,48.8189,33.1985,0.44,-0.11177837810767155
E05013728,5.68,3.0064,284.0,5.387,1.2766,269.3507,2.3591,1.7965,1.7962,61.7932,35.3157,0.5,0.014699082340001723
E05013656,6.3,3.0186,315.0,6.1085,1.2731,305.4237,2.3614,2.0124,1.9429,70.5099,30.4021,0.5,-0.03869845902637992
E05013639,8.96,3.4104,448.0,8.1977,1.7066,409.887,2.3698,2.1144,1.9103,33.2662,23.3292,0.56,0.193544556427933
E05014014,5.72,2.921,286.0,5.7808,0.9201,289.0409,2.3716,1.8175,2.0102,60.6022,30.9531,0.42,-0.14627357966931331
E05011238,5.04,3.057,252.0,5.1272,1.1637,256.3618,2.379,1.5417,1.8282,68.7767,44.4205,0.38,0.024361085693213713
E05011096,6.0,3.0971,300.0,6.1069,1.0791,305.3438,2.3871,2.0957,1.8872,63.9145,34.6394,0.48,0.02251453597836517
E05011488,7.6,2.703,380.0,7.4187,1.006,370.9367,2.3892,1.9787,1.7254,36.2004,27.0524,0.5,-0.20471922926535369
E05014109,5.2,2.9966,260.0,5.3437,1.0845,267.1834,2.3945,1.8411,1.8933,69.8499,35.396,0.48,-0.0507604118184839
E05009335,6.1,3.2842,305.0,5.8871,1.3913,294.3565,2.3978,2.1137,1.7835,62.8017,35.989,0.54,0.16113883328158618
E05013595,6.74,2.8415,337.0,6.7164,1.1055,335.8225,2.3981,2.1,1.743,52.7598,30.9599,0.46,-0.10312752296092897
E05013801,11.76,2.7072,588.0,11.2493,2.0486,562.4662,2.3984,2.3514,1.7177,21.6096,20.5011,0.54,-0.20349500767554085
E05014108,4.48,3.0455,224.0,4.9205,0.8975,246.0274,2.3995,2.2357,2.0083,89.0179,44.8048,0.36,-0.06827977837239296
E05013530,3.8,2.9555,190.0,4.1836,0.9499,209.1793,2.4,2.0864,1.6864,110.8522,57.4666,0.34,0.0015245794047087369
E05013697,5.12,3.4324,256.0,5.2828,1.5284,264.1406,2.4039,2.1117,2.2013,66.3582,39.0602,0.36,0.08819329308593027
E05013570,5.54,3.2212,277.0,5.6034,1.637,280.171,2.4039,1.4902,1.9937,70.4134,35.5826,0.42,0.04864602610781099
E05013780,4.2,3.1687,210.0,4.4493,1.0557,222.4636,2.4046,1.8659,2.2823,93.9101,51.5559,0.36,-0.10635979610439006
E05014012,6.16,3.3158,308.0,6.1091,1.5904,305.4552,2.4061,1.7227,2.1808,53.7878,31.1125,0.4,0.030115509413939923
E05013993,4.84,3.0928,242.0,4.8661,1.328,243.3051,2.4064,2.1732,1.8182,77.8551,43.9517,0.46,0.03670394260292298
E05014065,4.52,2.8943,226.0,4.6132,1.0448,230.6589,2.4075,1.9384,1.6091,91.9282,48.3959,0.42,-0.015062783952862535
E05014011,6.3,3.138,315.0,6.4624,1.563,323.1182,2.411,2.0553,1.987,57.5726,31.6624,0.42,-0.0033440131173452237
E05009369,6.26,3.343,313.0,6.3078,1.7641,315.3922,2.4249,2.1852,1.8522,55.8565,38.0623,0.46,0.15615168716507521
E05013694,7.82,2.8975,391.0,7.4596,0.9546,372.9782,2.442,2.3109,1.7642,40.3941,29.7177,0.52,-0.09553711770622297
E05014097,6.12,3.5146,306.0,6.2271,1.5613,311.3565,2.4489,2.3802,1.9261,62.8844,33.745,0.46,0.20428392314095944
E05013701,6.0,3.0237,300.0,6.4473,1.6513,322.3672,2.4511,2.0022,1.8739,55.7919,29.253,0.48,-0.054572782280353005
E05014022,5.78,3.1447,289.0,5.4935,1.3257,274.6774,2.4512,2.2553,1.7948,69.6274,38.4636,0.52,0.05430128862176442
E05014115,7.04,3.3133,352.0,7.3812,1.3714,369.0615,2.4529,1.6121,2.2211,56.8354,26.8679,0.38,-0.008631752566856665
E05013685,7.04,3.0234,352.0,6.9171,1.3899,345.8574,2.4582,2.1756,1.8668,44.0545,30.2295,0.52,-0.055768467321639426
E05013606,4.36,2.905,218.0,4.6801,0.8306,234.0071,2.4593,2.2175,1.7774,103.2547,54.1791,0.42,-0.105646206324024
E05013679,7.56,3.0717,378.0,7.3821,1.597,369.1071,2.4682,2.3309,1.5133,40.52,28.8961,0.52,0.09842033764434288
E05014099,5.34,2.9389,267.0,5.2899,0.9883,264.4942,2.4712,2.177,1.576,64.7696,44.0892,0.46,-0.009008432931481236
E05013743,6.92,3.0762,346.0,6.7035,1.0686,335.173,2.4812,1.8615,2.1531,50.1069,27.2227,0.42,-0.15374659361890908
E05013538,6.32,3.3408,316.0,5.9822,1.4097,299.11,2.485,1.7907,2.1166,45.8066,30.4831,0.48,0.03404077429685337
E05013536,7.98,3.1069,399.0,7.7269,0.9774,386.3434,2.487,1.7172,1.9571,39.5414,25.0032,0.48,-0.05066283451304976
E05009333,6.44,2.7192,322.0,6.1522,0.6822,307.6096,2.4894,2.3101,1.6113,67.7602,33.3532,0.58,-0.20632028785349044
E05013640,7.36,3.0889,368.0,7.2068,1.6167,360.3414,2.4975,1.9397,2.133,43.8966,27.6519,0.48,-0.14393739671277772
E05009371,5.0,3.614,250.0,4.9522,1.8076,247.6104,2.5005,2.1483,2.2132,72.6869,42.4691,0.32,0.13647533475679974
E05009370,6.64,3.1152,332.0,6.7187,1.2801,335.933,2.5031,2.305,1.9692,52.0021,32.9536,0.44,-0.05839492800873791
E05013524,5.26,2.9541,263.0,5.3706,1.0963,268.5314,2.5107,2.0747,1.6359,80.0765,42.0756,0.44,-0.04376022087599574
E05013682,6.06,2.9026,303.0,6.1006,1.3524,305.03,2.5111,2.2733,1.6541,60.487,33.6481,0.54,-0.08850803756618308
E05013919,5.86,3.0905,293.0,6.0718,1.3207,303.5887,2.5125,2.3128,1.6253,75.903,36.1291,0.42,0.049014236010856194
E05013592,8.6,3.1558,430.0,8.0449,1.1902,402.244,2.5133,2.4344,1.8241,33.5641,26.3419,0.58,0.0187148405589882
E05013507,6.78,2.9436,339.0,6.9475,1.0169,347.3753,2.5147,2.0859,1.9778,45.318,33.1877,0.44,-0.19611507324641053
E05009325,6.7,3.5413,335.0,6.3327,1.2622,316.6327,2.5187,2.0852,2.1389,52.3958,33.1309,0.44,0.11900152120734875
E05011476,7.8,3.017,390.0,7.2302,1.1701,361.5106,2.5296,2.2094,1.9621,36.2998,29.4229,0.54,-0.14032812154411234
E05009378,5.88,3.4025,294.0,5.5776,1.1206,278.8813,2.5373,1.8594,2.0318,65.2386,32.7224,0.46,0.07598570930734971
E05013648,8.38,3.1551,419.0,7.7522,1.4416,387.6124,2.5414,2.2072,1.724,35.288,24.6371,0.52,0.039371975320992125
E05013596,10.06,3.2097,503.0,9.7143,1.895,485.7138,2.5459,1.9881,2.0338,30.6346,21.6266,0.54,-0.04349379182385804
E05013705,7.32,3.3893,366.0,7.1007,1.4999,355.0364,2.5494,2.5531,1.8272,53.8017,29.5239,0.56,0.1320107878876422
E05011116,8.96,3.2259,448.0,8.3184,1.0651,415.9206,2.5509,1.8811,2.2031,35.5265,21.622,0.58,-0.10443650629027545
E05013737,5.5,3.0656,275.0,5.6585,1.1597,282.9268,2.5514,2.447,1.9538,76.0101,41.851,0.44,-0.11297618877059912
E05013707,7.74,3.4453,387.0,7.7246,1.4576,386.2278,2.5516,2.1268,2.0192,51.2942,28.5369,0.52,0.09679887608000282
E05013643,9.26,3.269,463.0,8.5326,1.4258,426.6296,2.5522,2.3081,1.9913,36.4784,25.2032,0.6,0.006944498057239401
E05009330,6.22,3.2595,311.0,6.2899,1.9934,314.4926,2.5565,2.332,2.0503,67.8968,33.5282,0.44,-0.023403385610369476
E05013927,4.74,3.0493,237.0,4.6195,1.5408,230.9768,2.5666,2.412,1.6384,80.8495,49.3147,0.48,-0.01158771865396524
E05013695,7.1,3.364,355.0,6.3557,1.7404,317.7869,2.5685,2.1284,2.0311,46.1628,27.3275,0.6,0.04058813921653237
E05011104,6.9,3.0589,345.0,6.4474,0.972,322.3714,2.5696,2.527,1.6702,57.4757,33.2392,0.54,-0.01818181686434417
E05013498,6.34,3.0813,317.0,6.3779,0.9036,318.893,2.5778,2.0045,2.04,63.2505,35.0331,0.46,-0.1525184631043217
E05013610,5.5,3.1315,275.0,5.7705,1.0373,288.526,2.5867,1.9838,2.1779,65.2758,41.8823,0.36,-0.18000581561231566
E05014112,5.56,2.9427,278.0,5.5163,0.7444,275.8147,2.5883,2.3313,1.7284,57.3882,42.7176,0.38,-0.13439189898146675
E05013522,5.64,3.5786,282.0,5.8247,2.1004,291.235,2.5916,1.9465,2.2593,77.4359,39.9797,0.42,0.06625968967193152
E05013590,7.32,3.2667,366.0,7.2268,1.1437,361.3414,2.5919,2.1759,1.9906,42.0855,34.0732,0.48,-0.01374009370955842
E05013601,6.8,3.5341,340.0,7.0581,1.5272,352.9044,2.6005,2.7862,1.8419,58.8561,38.2852,0.44,0.17589626000030611
E05009374,7.08,3.0294,354.0,7.0488,1.2031,352.441,2.6123,2.3857,1.7972,55.1039,31.2622,0.5,-0.11070557857194663
E05013775,4.72,3.7745,236.0,4.5738,1.9777,228.6891,2.6147,2.3965,2.2853,81.0568,42.0952,0.48,0.14375198258607147
E05013783,5.7,3.0789,285.0,5.9514,1.694,297.5676,2.6179,2.3906,1.8742,80.5668,41.3022,0.4,-0.10825206909416485
E05014030,5.98,3.4493,299.0,6.1793,1.6767,308.9661,2.6237,2.6996,2.0567,76.9672,36.9613,0.42,0.054052009981256255
E05009386,6.94,3.2602,347.0,6.8044,0.9209,340.2184,2.6275,2.0565,2.1576,52.8521,29.9688,0.5,-0.1007170432773663
E05013500,7.72,3.1039,386.0,7.2959,1.4262,364.793,2.6283,2.3915,1.8257,42.0092,34.7794,0.52,-0.07758701934260515
E05014009,7.56,3.3207,378.0,7.3004,1.5069,365.0217,2.6302,2.2619,2.0562,46.5694,25.9218,0.52,-0.023586273649077283
E05011484,7.02,3.3956,351.0,6.4884,1.4585,324.4202,2.6363,1.9537,2.0752,55.288,30.7665,0.5,0.011419973403822281
E05014095,8.08,3.5042,404.0,7.9749,1.5726,398.7458,2.6386,2.3684,1.9093,55.9021,27.8771,0.52,0.12456390816733076
E05014007,8.3,3.2592,415.0,7.864,1.2075,393.1986,2.6394,2.0164,2.3074,46.9856,24.8954,0.5,-0.17041630192129897
E05013636,7.16,3.2474,358.0,6.9042,1.3988,345.2088,2.6395,2.4551,2.2435,49.0406,31.3507,0.4,-0.15144625942330392
E05011463,7.86,3.3686,393.0,7.394,1.0434,369.6981,2.6467,2.2883,1.9986,47.839,31.5539,0.5,0.01805529986138421
E05009317,7.38,3.4339,369.0,7.1852,1.3092,359.2613,2.654,2.1598,2.1937,46.365,30.3025,0.4,-0.017679645811948586
E05009395,7.44,3.2586,372.0,7.0314,0.9371,351.5685,2.6637,2.202,2.1532,53.4034,26.5468,0.5,-0.11841562062452105
E05013808,12.2,3.0639,610.0,12.7891,3.4834,639.4573,2.6637,2.3233,1.8412,24.5879,19.0859,0.44,-0.13235145745847698
E05013634,7.46,3.3025,373.0,6.9702,1.4116,348.5084,2.6651,2.306,1.9081,41.0239,34.6793,0.44,0.0016401674349538764
E05013724,9.1,3.1445,455.0,8.522,1.08,426.0987,2.6662,2.6302,1.6547,33.8082,24.2042,0.58,-0.010513676821912732
E05013825,5.28,3.8014,264.0,4.9852,1.4197,249.2618,2.669,1.7574,2.3475,87.0054,46.7794,0.46,0.11563592350736851
E05013499,7.08,2.9266,354.0,7.0992,1.3383,354.9624,2.6759,2.842,1.6697,45.6662,33.4202,0.44,-0.17860232711616697
E05013715,7.86,3.1103,393.0,7.4149,0.9697,370.7467,2.7019,2.2674,1.9485,44.818,30.5095,0.52,-0.16252303789337375
E05013670,6.24,3.378,312.0,6.0358,1.4649,301.7896,2.7125,2.1944,2.2098,53.3768,38.7531,0.46,-0.08590556175908759
E05013642,7.7,3.196,385.0,7.4071,1.5093,370.3547,2.7148,2.0869,2.0576,44.8606,32.8273,0.48,-0.15079274422313382
E05013794,6.3,3.5871,315.0,6.2722,1.4382,313.6119,2.7197,2.0767,2.1503,69.0444,36.8557,0.42,0.05404058171358661
E05011479,6.62,3.0499,331.0,6.567,0.9269,328.3508,2.7324,2.1966,2.0559,62.4761,35.5154,0.52,-0.2734698507778832
E05009380,8.12,3.4145,406.0,7.9721,1.2179,398.6064,2.7339,2.3252,2.1289,47.805,30.5461,0.52,-0.04290441654421584
E05013646,6.6,3.785,330.0,6.046,2.033,302.299,2.7358,2.2648,2.1806,62.9374,35.7849,0.52,0.13499860195213587
E05013712,6.6,3.5686,330.0,6.176,1.6787,308.8019,2.7545,2.2906,1.9082,62.3981,35.1078,0.5,0.10609869439370301
E05014102,7.6,3.4817,380.0,7.5894,0.9324,379.4696,2.7599,2.2503,2.2271,53.0399,33.306,0.42,-0.05033944634307774
E05011465,8.46,3.2777,423.0,7.9096,1.11,395.4808,2.763,2.3088,2.1969,36.9052,27.4639,0.56,-0.17431592624751313
E05011113,11.14,3.1299,557.0,10.3168,1.1594,515.8412,2.7672,2.8997,1.6553,29.1472,23.1432,0.62,-0.07733796132758664
E05013798,7.58,3.4823,379.0,7.663,1.4894,383.1508,2.7692,2.2509,2.1502,53.309,26.0944,0.42,-0.02655902387303377
E05013545,5.88,3.7615,294.0,5.6241,2.0647,281.2073,2.7759,2.4922,2.2853,59.7186,42.2375,0.4,0.0751575228728889
E05011115,6.94,3.6332,347.0,6.7195,1.9906,335.9758,2.7765,1.9593,2.0415,52.502,35.1862,0.46,0.08838500309331765
E05014017,7.1,3.9808,355.0,7.0677,2.3767,353.384,2.7806,2.4444,2.0263,61.2201,35.2043,0.5,0.24302926779177303
E05013630,9.58,3.3691,479.0,8.6369,1.7874,431.843,2.7859,2.284,2.1014,32.4262,25.3889,0.6,-0.08675160024118367
E05013893,6.74,3.7624,337.0,6.7638,1.569,338.1925,2.7876,2.7166,1.9916,62.9449,42.3429,0.46,0.15965146093271254
E05013796,7.0,3.3381,350.0,7.0584,1.2902,352.9208,2.7922,2.6056,1.8319,53.4617,37.8583,0.44,-0.01509801923333609
E05013576,5.64,3.6576,282.0,5.6325,1.9753,281.6242,2.8133,2.0879,2.5057,96.7735,44.7158,0.46,-0.0730306192095187
E05009327,7.2,3.9175,360.0,6.2821,2.0731,314.1038,2.8214,2.5297,1.9122,56.8578,33.2786,0.52,0.23244905531198545
E05013588,7.48,3.6097,374.0,7.1976,1.3509,359.8825,2.8449,2.1575,2.1934,67.7781,27.8265,0.54,-0.0030309868162907705
E05009331,7.72,3.5916,386.0,7.6001,1.1613,380.0029,2.8566,2.562,2.2443,53.9567,37.6881,0.4,-0.03597084931785899
E05013731,7.56,3.3996,378.0,7.5107,1.3423,375.5364,2.8827,2.8612,1.8596,50.4722,38.2922,0.46,-0.03292825654375808
E05014070,5.44,3.1113,272.0,5.3471,1.0449,267.3528,2.9098,2.7374,1.7719,83.979,52.8475,0.46,-0.21689282416848932
E05014006,7.14,3.5743,357.0,7.0379,1.654,351.8974,2.9215,2.4645,2.0773,68.5978,30.2747,0.52,-0.01946165399534716
E05014072,5.46,3.4653,273.0,5.5366,1.2936,276.8314,2.9328,2.0712,2.4762,83.3299,44.232,0.4,-0.2414913125983793
E05013971,7.12,3.8895,356.0,6.7674,1.475,338.3716,2.9884,2.8889,2.2204,58.6012,42.3295,0.46,0.07174403176054267
E05009319,8.06,3.5994,403.0,7.5372,1.5582,376.8606,2.9931,2.8288,2.1169,54.0302,33.6206,0.52,-0.051488519775154895
E05013680,7.84,3.4485,392.0,7.68,1.6911,383.9984,3.0013,2.7563,1.9286,50.0408,32.5866,0.5,-0.08566409034746392
E05011098,8.8,3.8756,440.0,7.8308,2.0523,391.542,3.0217,2.656,1.7813,51.1511,30.7198,0.64,0.1684618719284946
E05013975,7.98,3.8092,399.0,7.4919,1.7985,374.5926,3.0238,2.7629,2.41,60.4261,31.1964,0.48,-0.043296572883425366
E05013716,11.34,3.4853,567.0,11.4874,1.963,574.371,3.0531,2.6769,2.3902,38.25,20.2842,0.5,-0.25331971281206433
E05014087,8.54,3.5982,427.0,8.0299,1.5796,401.4948,3.0653,2.9241,2.0368,45.978,34.7595,0.54,-0.06094476545949168
E05013719,8.78,3.7487,439.0,8.6165,1.488,430.826,3.0675,2.7833,1.9881,43.272,31.7042,0.46,0.035476507773315236
E05009373,7.18,3.5323,359.0,7.2636,1.5435,363.1821,3.0759,2.8265,1.9902,69.4617,38.7438,0.44,-0.09118887715402413
E05013730,8.78,3.6494,439.0,8.4967,1.3615,424.8346,3.0805,2.5396,2.2331,41.4214,30.6529,0.42,-0.1015179971820852
E05013729,7.36,3.832,368.0,7.3083,1.3913,365.4128,3.1273,2.897,2.165,57.0245,37.2286,0.44,0.0011689551950659904
E05013793,9.12,3.6792,456.0,8.5652,1.576,428.2618,3.1534,3.0254,1.8467,40.8055,32.6142,0.5,-0.001549703276731762
E05014002,8.7,3.7539,435.0,8.3742,1.443,418.7101,3.2431,2.8581,2.1309,44.6885,39.5658,0.54,-0.0838150359955776
E05013503,10.24,3.9152,512.0,10.0398,2.0855,501.991,3.3695,2.8797,2.1317,46.7889,30.2789,0.58,-0.052205074857392786
