{"init_params": {"cat_dims": [632], "cat_emb_dim": [1], "cat_idxs": [0], "clip_value": 1, "device_name": "cpu", "epsilon": 1e-15, "gamma": 1.1138568472110675, "grouped_features": [], "input_dim": 22, "lambda_sparse": 0.001, "mask_type": "sparsemax", "momentum": 0.02, "n_a": 8, "n_d": 8, "n_indep_decoder": 1, "n_independent": 2, "n_shared": 2, "n_shared_decoder": 1, "n_steps": 3, "optimizer_params": {"lr": 0.0010676787696158542}, "output_dim": 1, "scheduler_params": {"step_size": 50, "gamma": 0.9}, "seed": 0, "verbose": 0}, "class_attrs": {"preds_mapper": null}}